Workbook
Name actitudinalB: Tabla5785[ActitudinalB]
Name ActitudinalBAK: 'Taxonomias para RA'!$AC$3:$AG$3
Name AK: Tabla5987[AK]
Name AnálisisB: Tabla385280[AnálisisB]
Name AnálisisBAK: Tabla3865[AnálisisBAK]
Name AnálisisMK: Tabla99[AnálisisMK]
Name AnalizarLK: Tabla2129[AnalizarLK]
Name AplicaciónB: Tabla375179[AplicaciónB]
Name AplicaciónBAK: Tabla3764[AplicaciónBAK]
Name AplicarLK: Tabla2028[AplicarLK]
Name áreasprofesionales: #REF!
Name BAK: Tabla5886[BAK]
Name Bloom: 'Taxonomias para RA'!$G$3:$I$3
Name CaracterizarBAK: Tabla4776[CaracterizarBAK]
Name Cognitivo: 'Paso1 Analisis perfil egreso'!$E$3:$E$15
Name CognitivoAK: 'Taxonomias para RA'!$AL$4:$AQ$4
Name cognitivoB: Tabla5583[CognitivoB]
Name CognitivoBAK: 'Taxonomias para RA'!$S$3:$X$3
Name competencias: 'Paso 2 Redacción competen'!$F$4:$F$14
Name ComprenderLK: 'Taxonomias para RA'!$AM$5:$AM$27
Name ComprensiónB: Tabla365078[ComprensiónB]
Name ComprensiónBAK: Tabla3663[ComprensiónBAK]
Name ComprensiónMK: Tabla98[ComprensiónMK]
Name ConceptosLK: Tabla91[ConceptosAK]
Name ConocimientoB: Tabla354977[ConocimientoB]
Name ConocimientoBAK: Tabla3555[ConocimientoBAK]
Name Conocimientos: 'Paso1 Analisis perfil egreso'!$E$3:$E$15
Name ControlBAK: Tabla4271[ControlBAK]
Name CrearLK: Tabla2333[CrearLK]
Name dominios: 'Paso1 Analisis perfil egreso'!$E$2:$G$2
Name elementosfinalidad: #REF!
Name EvaluaciónB: Tabla405482[EvaluaciónB]
Name EvaluaciónBAK: Tabla4067[EvaluaciónBAK]
Name EvaluarLK: 'Taxonomias para RA'!$AP$5:$AP$46
Name HechosLK: Tabla90[CognitivoAK]
Name ImitaciónBAK: Tabla1168[ImitaciónBAK]
Name ManipulaciónBAK: Tabla3069[ManipulaciónBAK]
Name MetacogniciónLK: Tabla93[MetacogniciónAK]
Name MetacogniciónMK: Tabla101[MetacogniciónMK]
Name MetocogniciónAK: Tabla101[MetacogniciónMK]
Name MK: Tabla6088[MK]
Name ocupacional: 'Paso1 Analisis perfil egreso'!#REF!
Name OrganizarBAK: Tabla4675[OrganizarBAK]
Name PercepciónBAK: 'Taxonomias para RA'!$AC$4:$AC$40
Name poblacionactuacion: #REF!
Name poblaciones: #REF!
Name poblacionesactuación: #REF!
Name PrecisiónBAK: Tabla4170[PrecisiónBAK]
Name procedimentalB: Tabla5684[ProcedimentalB]
Name ProcedimentalBAK: 'Taxonomias para RA'!$Y$3:$AB$3
Name ProcedimientosMK: Tabla92[ProcedimientosAK]
Name ProcesosAK: ProcesosMentalesMK[ProcesosMentalesMK]
Name PsicomotorMK: Tabla96[PsicomotorMK]
Name RecordarLK: 'Taxonomias para RA'!$AL$5:$AL$27
Name RecuperaciónMK: 'Taxonomias para RA'!$BB$5:$BB$27
Name ResponderBAK: Tabla4473[ResponderBAK]
Name resultadoaprendizaje: 'Paso 3 Redacción RA '!$I$3:$I$22
Name Saber: 'Paso1 Analisis perfil egreso'!$E$3:$E$9
Name Saberhacer: 'Paso1 Analisis perfil egreso'!$F$3:$F$15
Name saberser: 'Paso1 Analisis perfil egreso'!$G$3:$G$15

Sheet Paso1 Analisis perfil egreso
A1: [Escribir el nombre del programa] | B1: [Escribir la modalidad: presencial o virtual] | C1: [Escribir el perfil profesional del egresado.] | D1: [Escribir el perfil ocupacional del egresado.] | E1: Componentes fundamentales aplicables a la solución de problemas en la vida profesional [Listar, según lo escrito en el perfil profesional, qué debe saber el egresado en las categorías de Saber -conocimientos, hechos, teorías-, Saber hacer -técnicas, procedimientos, metodologías-, y Saber ser -valores, condiciones, etc.] | H1: Componentes fundamentales de la ocupación laboral del profesional [Listar, según lo escrito en el perfil ocupacional, en qué áreas, qué tareas potenciales y en qué poblaciones o contextos podrá laborar el profesional.] | K1: Diferencial (valor agregado) del profesional [Listar, según lo escrito en los perfiles, los elementos que son diferenciales y generan un valor agregado al egresado.]
A2: Programa | B2: Modalidad | C2: Perfil profesional | D2: Perfil ocupacional | E2: Saber | F2: Saberhacer | G2: Saberser | H2: ÁreasProfesionales | I2: TareasProfesionales | J2: PoblacionesActuacion | K2: ValorAgregado
A3: Diseño Gráfico | B3: Presencial | C3: El egresado maneja criterios teóricos y tecnológicos del diseño que le permiten proyectar soluciones de diseño empleando recursos de la comunicación visual y multimedial, integrando líneas temáticas como la animación, la ilustración, la gráfica publicitaria, el medio editorial y la grafía para la moda, gestionando la información para la configuración de artefactos funcionales y accesibles. | D3: Estará en condiciones de vincularse con empresas manufactureras, de servicios, de producción o de comunicación, en tareas de análisis, planificación, producción y gestión de proyectos de diseño gráfico, reconociendo las necesidades de diseño de la organización para elaborar y gestionar su aplicación. También podrá ejercer bajo la figura de profesional independiente como consultor o a través del emprendimiento de proyectos personales y en agencias o empresas vinculadas al sector moda. | E3: Estrategias de comunicación visual | F3: resolver de problemas de diseño gráfico | G3: acordes con el contexto de aplicación. | H3: Creatividad publicitaria/Producción audiovisual/Medios editoriales/Comunicaciones corporativas/Empresas culturales/Departamentos de Marketing y Comunicación/Área de diseño y desarrollo de productos/Dirección creativa o Departamentos de arte/Profesional independiente | I3: Creación de propuestas gráficas/Planificación, coordinación y ejecución de proyectos de diseño gráfico/Diseño de contenido gráfico/Creación de materiales impresos y digitales/Asesor o consultor de diseño/Desarrollo de proyectos personalizados/Dirección y desarrollo de conceptos visuales | J3: Agencias de publicidad y marketing/Medios de comunicación y productoras audiovisuales/Empresas manufactureras y de moda/Empresas de comercio electrónico/Emprendimientos y consultorías/Sector cultural/ | K3: Enfoque integral que incorpora la aplicación tecnológica y la gestión de la información para la creación de soluciones visuales y multimediales. Desarrollo de líneas temáticas que amplían el espectro de habilidades en grafía para la moda, gráfica publicitaria y medios editoriales lo que permite abordar diversas áreas del diseño gráfico.
E4: Herramientas tecnológicas en el desarrollo de artefactos de diseño | F4: atender las necesidades en los entornos multimediales | G4: de acuerdo con el contexto en el que son pertinentes.
E5: Necesidades del contexto social y cultural así como del usuario | F5: desarrollar artefactos | G5: funcionales y accesibles.
E6: Correlaciones entre artefacto, contexto y usuario | F6: construir representaciones visuales | G6: que atiendan a las necesidades de diseño en situaciones o contextos que lo requieran.
E7: Proyectos y metodologías de diseño | F7: configurar artefactos | G7: acordes y pertinentes, funcionales y accesibles.
E8: Diseño de artefactos | F8: intervenir contextos en el sector de la moda | G8: con tendencias, estilismo y producción gráfica definidas.
E9: Fenómenos contemporáneos | F9: reconocer sus afectaciones o contribuciones | G9: en el marco de las ciudadanías globales y de una sociedad responsable y sostenible.

Sheet Hoja1

Sheet Paso 2 Redacción competen
A1: Elementos para redactar las competencias que desarrollará el programa
A2: [Enumerar las competencias que se van a declarar.] | B2: [A partir de la celda B2 dar clic sobre el ícono de lista desplegable y elegir el verbo que considere adecuado.] | C2: [A partir de la celda C2 dar clic sobre la lista desplegable y elegir el saber extraído del perfil de egreso.] | D2: [Escribir para qué se abordará el saber elegido. Se sugiere apoyarse en el saber hacer.] | E2: [Escribir la condición describiendo los referentes, parámetros, principios, requerimientos o retos que se necesitan para alcanzar las características del perfil en el contexto donde el egresado se desenvolverá.] | F2: [Articular los componentes. Iniciar con el verbo, continuar con el objeto conceptual, luego la finalidad y condición de contexto o referencia; estos últimos no requieren un orden particular.] | G2: [Escribir el tipo de competencia del perfil: Específica (si es del bloque Disciplinar para pregrado o de los componentes para el caso de posgrado) o Genérica (si aplica bloque institucional pregrado)]
A3: No. | B3: Verbo Competencia | C3: Objeto conceptual | D3: Finalidad | E3: Condición de contexto o referencia | F3: RedacciónCompetencia | G3: Tipo de Competencia
A4: 1 | B4: Formular | C4: Estrategias de comunicación visual | D4: resolver de problemas de diseño gráfico | E4: acordes con el contexto de aplicación. | F4: Formular estrategias de comunicación visual para resolver problemas de diseño gráfico acordes con el contexto de aplicación. | G4: Específica
A5: 2 | B5: Gestionar | C5: Herramientas tecnológicas en el desarrollo de artefactos de diseño | D5: atender las necesidades en los entornos multimediales | E5: de acuerdo con el contexto en el que son pertinentes. | F5: Gestionar herramientas tecnológicas en el desarrollo de artefactos de diseño, de acuerdo con el contexto en el que son pertinentes, para atender las necesidades en los entornos multimediales. | G5: Específica
A6: 3 | B6: Evaluar | C6: Necesidades del contexto social y cultural así como del usuario | D6: desarrollar artefactos | E6: funcionales y accesibles. | F6: Evaluar las necesidades del contexto social y cultural así como del usuario para desarrollar artefactos funcionales y accesibles. | G6: Específica
A7: 4 | B7: Construir | C7: Correlaciones entre artefacto, contexto y usuario | D7: construir representaciones visuales | E7: que atiendan a las necesidades de diseño en situaciones o contextos que lo requieran. | F7: Construir representaciones gráficas, que atiendan a las necesidades de diseño en las situaciones que lo requieran, para comunicar las correlaciones entre artefacto, contexto y usuario. | G7: Específica
A8: 5 | B8: Aplicar | C8: Proyectos y metodologías de diseño | D8: configurar artefactos | E8: acordes y pertinentes, funcionales y accesibles. | F8: Aplica metodologías de diseño, acordes y pertinentes, para desarrollar proyectos y configurar artefactos funcionales y accesibles. | G8: Específica
A9: 6 | B9: Diseñar | C9: Diseño de artefactos | D9: intervenir contextos en el sector de la moda | E9: con tendencias, estilismo y producción gráfica definidas. | F9: Diseñar artefactos para intervenir contextos en el sector de la moda con tendencias, estilismo y producción gráfica definidas. | G9: Específica
A10: 7 | B10: Analizar | C10: Fenómenos contemporáneos | D10: reconocer sus afectaciones o contribuciones | E10: en el marco de las ciudadanías globales y de una sociedad responsable y sostenible. | F10: Analizar los fenómenos contemporáneos desde una perspectiva glocal, soportada en datos, con una mirada ética y crítica, para reconocer sus afectaciones o contribuciones en el marco de las ciudadanías globales y de una sociedad responsable y sostenible. | G10: Genérica

Sheet Paso 3 Redacción RA 
A1: [A partir de la celda A2 dar clic en la lista desplegable y seleccionar la competencia redactada en el paso 2.] | B1: [Enumerar los resultados de aprendizaje que se van a declarar.] | C1: [A partir de la celda C2, dar clic en la lista desplegable y elegir el tipo de dominio a tratar en el resultado de aprendizaje.] | D1: [A partir de la cela D2, dar clic en la lista desplegable y elegir el saber correspondiente al dominio.] | E1: [A partir de la celda E2, dar clic en la lista desplegable y elegir la taxonomía que se considere adecuada, solo se elige una para todos los saberes.] | F1: [A partir de la celda F2, dar clic en la lista desplegable y elegir el dominio que se considera adecuado.] | G1: [A partir de la celda G2, dar clic en la lista desplegable y elegir el nivel del dominio que se considera adecuado.] | H1: [A partir de la celda H2, dar clic en la lista desplegable y elegir el verbo que se considera adecuado.] | I1: [Iniciar con el verbo elegido (columna H), en infinitivo, luego el objeto sobre el cual recae la acción (columna D) y finalmente la condición de contexto (académico, disciplinar, social u otro).]
A2: Competencia por desarrollar | B2: Número de resultado | C2: Tipo Saber | D2: Saber Asociado | E2: Taxonomía | F2: Dominio Asociado | G2: Nivel Dominio | H2: Verbo RA | I2: Resultados Aprendizaje
A3: Formular estrategias de comunicación visual para resolver problemas de diseño gráfico acordes con el contexto de aplicación. | B3: 1 | C3: Saber | D3: Estrategias de comunicación visual | E3: BAK | F3: CognitivoBAK | G3: AnálisisBAK | H3: Relacionar | I3: Relaciona estrategias de comunicación visual con las necesidades de diseño para tomar decisiones en procesos creativos.
A4: Formular estrategias de comunicación visual para resolver problemas de diseño gráfico acordes con el contexto de aplicación. | B4: 6 | C4: Saberhacer | D4: resolver de problemas de diseño gráfico | E4: BAK | F4: ProcedimentalBAK | G4: ControlBAK | H4: Diseñar | I4: Diseña artefactos visuales, en diversos medios y formatos, para desarrollar proyectos que respondan de manera funcional a las necesidades del usuario y de la estrategia de comunicación definida.
A5: Formular estrategias de comunicación visual para resolver problemas de diseño gráfico acordes con el contexto de aplicación. | B5: 8 | C5: Saberser | D5: acordes con el contexto de aplicación. | E5: BAK | F5: ActitudinalBAK | G5: OrganizarBAK | H5: Determinar | I5: Determina los recursos técnicos, visuales y conceptuales necesarios para generar artefactos de diseño funcionales y accesibles, a partir del análisis del problema y el contexto de aplicación.
A6: Gestionar herramientas tecnológicas en el desarrollo de artefactos de diseño, de acuerdo con el contexto en el que son pertinentes, para atender las necesidades en los entornos multimediales. | B6: 2 | C6: Saber | D6: Herramientas tecnológicas en el desarrollo de artefactos de diseño | E6: BAK | F6: CognitivoBAK | G6: ComprensiónBAK | H6: Identificar | I6: Identifica dispositivos, herramientas y plataformas tecnológicas para determinar sus posibilidades de uso en proyectos de diseño.
A7: Gestionar herramientas tecnológicas en el desarrollo de artefactos de diseño, de acuerdo con el contexto en el que son pertinentes, para atender las necesidades en los entornos multimediales. | B7: 7 | C7: Saberhacer | D7: atender las necesidades en los entornos multimediales | E7: BAK | F7: ProcedimentalBAK | G7: ManipulaciónBAK | H7: Explorar | I7: Explora las posibilidades expresivas de las herramientas y los medios tecnológicos para generar soluciones en contextos de diseño.
A8: Gestionar herramientas tecnológicas en el desarrollo de artefactos de diseño, de acuerdo con el contexto en el que son pertinentes, para atender las necesidades en los entornos multimediales. | B8: 8 | C8: Saberser | D8: de acuerdo con el contexto en el que son pertinentes. | E8: BAK | F8: ActitudinalBAK | G8: OrganizarBAK | H8: Determinar | I8: Determina los recursos técnicos, visuales y conceptuales necesarios para generar artefactos de diseño funcionales y accesibles, a partir del análisis del problema y el contexto de aplicación.
A9: Evaluar las necesidades del contexto social y cultural así como del usuario para desarrollar artefactos funcionales y accesibles. | B9: 3 | C9: Saber | D9: Necesidades del contexto social y cultural así como del usuario | E9: BAK | F9: CognitivoBAK | G9: AnálisisBAK | H9: Analizar | I9: Analiza las variables relacionadas con las necesidades del contexto y el usuario para tomar decisiones de diseño.
A10: Evaluar las necesidades del contexto social y cultural así como del usuario para desarrollar artefactos funcionales y accesibles. | B10: 6 | C10: Saberhacer | D10: desarrollar artefactos | E10: BAK | F10: ProcedimentalBAK | G10: ControlBAK | H10: Diseñar | I10: Diseña artefactos visuales, en diversos medios y formatos, para desarrollar proyectos que respondan de manera funcional a las necesidades del usuario y de la estrategia de comunicación definida.
A11: Evaluar las necesidades del contexto social y cultural así como del usuario para desarrollar artefactos funcionales y accesibles. | B11: 8 | C11: Saberser | D11: funcionales y accesibles. | E11: BAK | F11: ActitudinalBAK | G11: OrganizarBAK | H11: Determinar | I11: Determina los recursos técnicos, visuales y conceptuales necesarios para generar artefactos de diseño funcionales y accesibles, a partir del análisis del problema y el contexto de aplicación.
A12: Construir representaciones gráficas, que atiendan a las necesidades de diseño en las situaciones que lo requieran, para comunicar las correlaciones entre artefacto, contexto y usuario. | B12: 1 | C12: Saber | D12: Correlaciones entre artefacto, contexto y usuario | E12: BAK | F12: CognitivoBAK | G12: AnálisisBAK | H12: Relacionar | I12: Relaciona estrategias de comunicación visual con las necesidades de diseño para tomar decisiones en procesos creativos.
A13: Construir representaciones gráficas, que atiendan a las necesidades de diseño en las situaciones que lo requieran, para comunicar las correlaciones entre artefacto, contexto y usuario. | B13: 7 | C13: Saberhacer | D13: construir representaciones visuales | E13: BAK | F13: ProcedimentalBAK | G13: ManipulaciónBAK | H13: Explorar | I13: Explora las posibilidades expresivas de las herramientas y los medios tecnológicos para generar soluciones en contextos de diseño.
A14: Construir representaciones gráficas, que atiendan a las necesidades de diseño en las situaciones que lo requieran, para comunicar las correlaciones entre artefacto, contexto y usuario. | B14: 8 | C14: Saberser | D14: que atiendan a las necesidades de diseño en situaciones o contextos que lo requieran. | E14: BAK | F14: ActitudinalBAK | G14: OrganizarBAK | H14: Determinar | I14: Determina los recursos técnicos, visuales y conceptuales necesarios para generar artefactos de diseño funcionales y accesibles, a partir del análisis del problema y el contexto de aplicación.
... A21: Analizar los fenómenos contemporáneos desde una perspectiva glocal, soportada en datos, con una mirada ética y crítica, para reconocer sus afectaciones o contribuciones en el marco de las ciudadanías globales y de una sociedad responsable y sostenible. | B21: 5 | C21: Saber | D21: Fenómenos contemporáneos | E21: Bloom | F21: CognitivoB | G21: ComprensiónB | H21: Identificar | I21: Identifica fenómenos contemporáneos y su relación con la profesión, para determinar sus impactos e influencia en la sociedad, de forma responsable y crítica.

Sheet Paso 4 Estrategias mesocurricu
A1: [A partir de la celda A3 despliegue el(los) resultado(s) de aprendizaje y elegir aquel (aquellos) al(a los) que se contribuye desde la estrategia.] | B1: [Escribir el nombre de la estrategia a desarrollar. Participación de los estudiantes en cursos, talleres, seminarios, conferencias, pruebas estandarizadas, investigaciones, actividades o experiencias, cuerpos académicos, redes, comunidades, la elaboración de textos y materiales, así como las publicaciones, entre otros.] | C1: [Describir la(s) estrategia(s) definidas por el programa.] | D1: [Escribir los indicadores de impacto de la estrategia. Se sugieren indicadores como: Valora el nivel de contribución de la estrategia a los resultados de aprendizaje; Número de estudiantes que participan en la estrategia; Número de veces que se realiza la estrategia, entre otros.] | E1: [Escribir las acciones de retroalimentación que usará el programa para comunicar a los estudiantes sobre el alcance de sus resultados de aprendizaje.] | F1: [Escribir, para cada indicador con qué instrumento se recogerá información para evidenciar el (los) impacto (s) declarados. Encuesta, lista de asistencia, informe, entre otros.]
A2: Resultado de aprendizaje | B2: Estrategia del programa | C2: Descripción | D2: Indicador de Impacto de la Estrategia | E2: Acciones de retroalimentación para los estudiantes | F2: Instrumentos de medición
A3: Relaciona estrategias de comunicación visual con las necesidades de diseño para tomar decisiones en procesos creativos. | B3: Semilleros | C3: • Icono media: semillero de investigación en el que participan los estudiantes de los programas adscritos a la Escuela de Diseño y en el cual se abordan diversos temas relacionados con estudios en comunicación e industrias culturales y creativas. • LogoLab: semillero en el que participan los estudiantes del programa de Diseño Gráfico y en el cual se llevan a cabo ejercicios de proyección social con comunidades de emprendimiento. • Lumen: semillero en el que participan estudiantes del programa de Diseño Gráfico y en el cual se realizan ejercicios de investigación-creación entorno al proceso fotográfico. | D3: Número de proyectos desarrollados en los semilleros. | E3: Formar a los estudiantes que participan en la estrategia en los temas que allí se aborden. | F3: Reporte o Informe
A4: Diseña artefactos visuales, en diversos medios y formatos, para desarrollar proyectos que respondan de manera funcional a las necesidades del usuario y de la estrategia de comunicación definida. | D4: Número de estudiantes que participan en la estrategia. | F4: Listados de participación
A5: Determina los recursos técnicos, visuales y conceptuales necesarios para generar artefactos de diseño funcionales y accesibles, a partir del análisis del problema y el contexto de aplicación. | D5: Valoración a la contribución de la estrategia a los resultados de aprendizaje del programa. | F5: Encuesta
A6: Determina los recursos técnicos, visuales y conceptuales necesarios para generar artefactos de diseño funcionales y accesibles, a partir del análisis del problema y el contexto de aplicación. | B6: Publicaciones PIF | C6: Proyectos resultados procesos de investigación formativa que derivan en publicaciones en revistas de divulgación propias de la Escuela de Diseño entorno a procesos editoriales y de ilustración. | D6: Número de actividades de divulgación del proyecto y de asignaturas que presentan PIF. | E6: Formar a los estudiantes que participan en la estrategia en los temas que allí se aborden. Formar a los estudiantes que participan en la estrategia en la generación y divulgación de conocimiento exponiendo o presentando los alcances obtenidos en cada proceso ejecutado. | F6: Reporte o Informe
A7: Explora las posibilidades expresivas de las herramientas y los medios tecnológicos para generar soluciones en contextos de diseño. | D7: Número de estudiantes que participan en la estrategia. | F7: Listados de participación
A8: Diseña artefactos visuales, en diversos medios y formatos, para desarrollar proyectos que respondan de manera funcional a las necesidades del usuario y de la estrategia de comunicación definida. | D8: Valoración a la contribución de la estrategia a los resultados de aprendizaje del programa. | F8: Encuesta
A9: Diseña artefactos visuales, en diversos medios y formatos, para desarrollar proyectos que respondan de manera funcional a las necesidades del usuario y de la estrategia de comunicación definida. | B9: Muestra de Proyectos Escuela de Diseño | C9: Evento semestral organizado por la Escuela de Diseño en el que los estudiantes del programa tienen oportunidad de socializar los resultados de sus proyectos desarrollados en clase. Cuenta con un proceso de curaduría. | D9: Número de proyectos presentados. | E9: Formar a los estudiantes que participan en la estrategia en los temas que allí se aborden. Formar a los estudiantes que participan en la estrategia de generación y divulgación de conocimiento exponiendo o presentando los alcances obtenidos en cada proceso ejecutado. | F9: Reporte o Informe
A10: Determina los recursos técnicos, visuales y conceptuales necesarios para generar artefactos de diseño funcionales y accesibles, a partir del análisis del problema y el contexto de aplicación. | D10: Número de estudiantes que participan en la estrategia. | F10: Listados de participación
A11: Explora las posibilidades expresivas de las herramientas y los medios tecnológicos para generar soluciones en contextos de diseño. | D11: Valoración a la contribución de la estrategia a los resultados de aprendizaje del programa. | F11: Encuesta
A12: Diseña artefactos visuales, en diversos medios y formatos, para desarrollar proyectos que respondan de manera funcional a las necesidades del usuario y de la estrategia de comunicación definida. | B12: Actividades de Proyección Social | C12: Acciones encaminadas a procesos de acompañamiento entorno a identidades visuales que realizan estudiantes del programa con el liderazgo docente para el fortalecimiento de emprendimientos y proyectos al interior de la institución como de comunidad externa generando vinculación con el sector real. | D12: Número de proyectos realizados. | E12: Formar a los estudiantes que participan en la estrategia de generación y divulgación de conocimiento exponiendo o presentando los alcances obtenidos en cada proceso ejecutado. | F12: Reporte o Informe
A13: Explora las posibilidades expresivas de las herramientas y los medios tecnológicos para generar soluciones en contextos de diseño. | D13: Número de estudiantes que participan en la estrategia | F13: Listados de participación
A14: Analiza las variables relacionadas con las necesidades del contexto y el usuario para tomar decisiones de diseño. | D14: Valoración a la contribución de la estrategia a los resultados de aprendizaje del programa. | F14: Encuesta
A15: Determina los recursos técnicos, visuales y conceptuales necesarios para generar artefactos de diseño funcionales y accesibles, a partir del análisis del problema y el contexto de aplicación. | B15: Actividades Formativas y de internacionalización | C15: • Clases Espejo: Actividad desarrollada desde el programa de Diseño Gráfico en el contexto de internacionalización que involucra un intercambio temático con docentes y grupos de universidades externas. | D15: Número de veces que se realiza la estrategia por el periodo que establezca el programa. | E15: Formar a los estudiantes que participan en la estrategia en los temas que allí se aborden. Informar a los estudiantes sobre temas o tópicos en tendencia del campo profesional. | F15: Reporte o Informe
A16: Identifica dispositivos, herramientas y plataformas tecnológicas para determinar sus posibilidades de uso en proyectos de diseño. | C16: • Misiones Internacionales: Actividades desarrolladas desde la Escuela de Diseño en el contexto de internacionalización que ofrece a los estudiantes la opción de cursar un seminario Internacional a través de plataformas digitales o de manera presencial en el lugar de desarrollo. | D16: Número de estudiantes que participan en la estrategia | F16: Listados de participación
A17: Analiza las variables relacionadas con las necesidades del contexto y el usuario para tomar decisiones de diseño. | C17: • COIL: Estrategia que permite el desarrollo de proyectos colaborativos entre instituciones de diferentes países. | D17: Valoración a la contribución de la estrategia a los resultados de aprendizaje del programa. | F17: Encuesta
A18: Analiza las variables relacionadas con las necesidades del contexto y el usuario para tomar decisiones de diseño. | C18: • Webinars: Actividades de charlas mediadas en plataformas online para el intercambio de saberes con las comunidades académicas en el ámbito internacional e interinstitucional.
A19: Relaciona estrategias de comunicación visual con las necesidades de diseño para tomar decisiones en procesos creativos. | C19: • Charlas con invitados externos: Actividades con invitados internacionales y nacionales para el desarrollo de charlas y/o conferencias en temas asociados al diseño.

Sheet Paso 5 Estrategias micro
A1: [Estas celdas se diligencian automáticamente. No ajustar.] | B1: [A partir de la celda A3 despliegue el(los) resultado(s) de aprendizaje y elija aquel (aquellos) al(a los) que se contribuye desde la asignatura o módulo).] | C1: [Escribir el semestre en el que se cursa la asignatura o módulo.] | D1: [Escribir el nombre de la asignatura o módulo que contribuye al logro del resultado de aprendizaje.] | E1: [Redactar los indicadores iniciando con el verbo en presente indicativo, luego el objeto conceptual y finalmente el complemento de oración (que indique una condición o finalidad, con, para, de, entre otros conectores).] | F1: [Escribir la tipología: T (teórico), P (Práctico), TP (Teórico Práctico)] | G1: [Marcar con X el bloque o componente al que pertenece la asignatura o módulo. Por favor ajustar para posgrado, eliminar una columna y ubicar los títulos C.Fundamentación y C.Profundización.] | J1: [Escribir el número de créditos de la asignatura o módulo] | K1: [Escribir el número de horas de trabajo directo: 16*# o 12*#, para presencial o virtual, según sea el caso.] | L1: [Escribir el número de horas de trabajo independiente: 32*# columna J o 36*# columna J, para presencial o virtual, respectivamente.] | M1: [Escribir la suma de los números de horas de las dos celdas anteriores.] | N1: [Escribir el nombre de los cuatro núcleos temáticos que abordará la asignatura o el módulo.] | O1: [Escribir las lecturas, talleres, análisis, referentes, etc., que realiza el estudiante, clasificadas en trabajo directo e independiente.] | P1: [Escribir las actividades de evaluación que se emplean para identificar el alcance del (de los) indicador(es) de logro(s).] | Q1: [Escribir las acciones de retroalimentación que se emplearán en la asignatura o módulo, para retroalimentar a los estudiantes respecto al alcance de los indicadores de logro. Recordar que son cuatro acciones: informar, formar, prevenir y ayudar a tomar decisiones e indique cómo.]
A2: Tipo de Saber | B2: Resultado de aprendizaje | C2: Semestre | D2: Nombre asignatura o módulo | E2: Indicadores de logro asignatura o módulo | F2: Tipología | G2: B.Institucional | H2: B.Disciplinar | I2: B.Electivo | J2: Créditos | K2: Número de horas trabajo directo | L2: Número de horas trabajo independiente | M2: Total de horas | N2: Núcleos temáticos | O2: Actividades de aprendizaje | P2: Actividades de evaluación | Q2: Acciones de retroalimentación
A3: =_xlfn.XLOOKUP(B3,'Paso 3 Redacción RA '!I$3:I$21,'Paso 3 Redacción RA '!C$3:C$21,,0,1) -> Saber | B3: Identifica fenómenos contemporáneos y su relación con la profesión, para determinar sus impactos e influencia en la sociedad, de forma responsable y crítica. | C3: 1 | D3: Razonamiento Cuantitativo | E3: Analiza datos numéricos presentados en tablas, gráficos o textos para proponer soluciones informadas a situaciones problema del contexto. | F3: TP | G3: X | J3: 3 | K3: =16*J3 -> 48 | L3: =32*J3 -> 96 | M3: =SUM(K3:L3) -> 144 | N3: 1. Pensamiento numérico. Interpretación y representación de información numérica 2. Pensamiento algebraico. Desde la representación de regularidades y patrones 3. Pensamiento algebraico. Desde las relaciones de comparación entre cantidades o expresiones numéricas 4. Pensamiento geométrico. Propiedades, formas y relaciones espaciales | O3: Trabajo directo: Clase magistral activa Trabajo independiente: Lecturas. Laboratorios, talleres, resolución de problemas | P3: Las estrategias pueden variar entre las siguientes u otras que puedan ser pertinentes para el proceso de aprendizaje. Evaluación formativa: Preguntas intercaladas, presentaciones de situaciones problema, juegos de roles, mesa redonda. Evaluación sumativa: Valoración de laboratorios, talleres, estudios de casos y una evaluación final | Q3: Las acciones de retroalimentación giran en torno a las siguientes. Formar: donde se crean las condiciones para que los estudiantes adquieran conocimientos, habilidades, actitudes, aptitudes y destrezas. Además, debe promover su desarrollo integral y debe acompañarlos en las situaciones académicas que enfrenten durante el desarrollo de un módulo o una asignatura. Informar: para que los estudiantes identifiquen los cambios que pueden afectarlos directa o indirectamente tanto en el aula de clase como en otros espacios. Prevenir: con el fin de anticiparse a las situaciones académicas que pueden representar dificultad para los estudiantes. Esto se logra a través de la interacción individual con los estudiantes y del completo conocimiento del contexto educativo en que el tutor se desenvuelve. Ayudar a decidir: donde se orienta a los estudiantes para que tomen la mejor decisión ante una situación concreta. El objetivo es que el estudiante fortalezca su autonomía y la toma de decisiones responsable.
A4: =_xlfn.XLOOKUP(B4,'Paso 3 Redacción RA '!I$3:I$21,'Paso 3 Redacción RA '!C$3:C$21,,0,1) -> Saber | B4: Identifica fenómenos contemporáneos y su relación con la profesión, para determinar sus impactos e influencia en la sociedad, de forma responsable y crítica. | C4: 1 | D4: Cultura, Política y Sociedad | E4: Reconoce las problemáticas, escenarios y mecanismos de participación ciudadana en el marco de sociedades de información y digitales para abordarlas desde iniciativas investigativas. Identifica los objetivos de desarrollo sostenible para la comprensión de problemáticas sociales, ambientales y culturales. Reflexiona los impactos de avances tecnológicos en su contexto profesional y ciudadano para el análisis de contextos situados. | F4: TP | G4: X | J4: 3 | K4: =16*J4 -> 48 | L4: =32*J4 -> 96 | M4: =SUM(K4:L4) -> 144 | N4: 1. ODS, problemas locales: una mirada a Colombia, territorio en búsqueda de la consolidación de la Paz 2. Ciudadanía y su lugar: relaciones, dinámicas, construcción, expresión y mecanismos de participación 3. Ecosistemas digitales: relaciones, dinámicas, construcción, expresión e impactos en el contexto profesional 4. Narrativas y contenidos digitales: análisis de contextos situados | O4: Trabajo directo: Clase magistral activa combinada con estrategias de aprendizaje basado en investigación Trabajo independiente: Lecturas, Laboratorios, talleres, estudios de caso | P4: Evaluación formativa: Construcción de textos argumentativos sobre problemáticas en las sociedades de la información. ,elaboración de ejercicios para la citación en APA última edición., cartografías sociales de problemáticas sociales, culturales y ambientales., elaboración de árbol de problemas, construcción de objetivos generales y específicos, desarrollo de anteproyectos., talleres experienciales con juegos de roles, realización de exposición a través de la caja italiana para el manejo del espacio, la lectura y la oralidad, exposiciones creativas del PIF en el marco del evento “Feria de proyectos” Evaluación sumativa comprende los logros obtenidos en cada actividad y en todo el proceso, representados en porcentajes acumulativos según la parametrización de 0 a 5; Árbol de problemas, Exposiciones Creativas , Seguimiento , Entre Proyecto: Parte 1, Quiz , Seguimiento , Entre Proyecto: Parte 1I , Entrevista a expertos , Feria de proyectos , Seguimiento | Q4: Las acciones de retroalimentación giran en torno a las siguientes. Formar: donde se crean las condiciones para que los estudiantes adquieran conocimientos, habilidades, actitudes, aptitudes y destrezas. Además, debe promover su desarrollo integral y debe acompañarlos en las situaciones académicas que enfrenten durante el desarrollo de un módulo o una asignatura. Informar: para que los estudiantes identifiquen los cambios que pueden afectarlos directa o indirectamente tanto en el aula de clase como en otros espacios. Prevenir: con el fin de anticiparse a las situaciones académicas que pueden representar dificultad para los estudiantes. Esto se logra a través de la interacción individual con los estudiantes y del completo conocimiento del contexto educativo en que el tutor se desenvuelve. Ayudar a decidir: donde se orienta a los estudiantes para que tomen la mejor decisión ante una situación concreta. El objetivo es que el estudiante fortalezca su autonomía y la toma de decisiones responsable.
A5: =_xlfn.XLOOKUP(B5,'Paso 3 Redacción RA '!I$3:I$21,'Paso 3 Redacción RA '!C$3:C$21,,0,1) -> Saber | B5: Relaciona estrategias de comunicación visual con las necesidades de diseño para tomar decisiones en procesos creativos. | C5: 1 | D5: Procesos de Comunicación | E5: Analiza los procesos de comunicación en distintos contextos socioculturales de los siglos XX y XXI, para interpretar sus transformaciones en la historia reciente. | F5: T | H5: X | J5: 3 | K5: =16*J5 -> 48 | L5: =32*J5 -> 96 | M5: =SUM(K5:L7) -> 144 | N5: 1. Conceptos y enfoques para el estudio de la comunicación 2. La comunicación durante las dos guerras mundiales del siglo XX 3. La comunicación a partir de la Guerra Fría 4. La comunicación y sus transformaciones en la guerra de la información informática | O5: Trabajo directo: Clases magistrales Talleres / Laboratorios Uso de herramientas computacionales Uso de herrramientas para el diseño Resolución de problemas Trabajo independiente: Lecturas Resolución de problemas Uso de herramientas computacionales Uso de herramientas para el diseño | P5: Las estrategias pueden variar entre las siguientes u otras que puedan ser pertinentes para el proceso de aprendizaje. Evaluación formativa: Resolución de problemas Uso de herramientas computacionales Proyectos Evaluación sumativa: Taller / Laboratorios Presentación y sustentación de proyectos Piezas gráficas | Q5: Las acciones de retroalimentación giran en torno a las siguientes. Formar: donde se crean las condiciones para que los estudiantes adquieran conocimientos, habilidades, actitudes, aptitudes y destrezas. Además, debe promover su desarrollo integral y debe acompañarlos en las situaciones académicas que enfrenten durante el desarrollo de un módulo o una asignatura. Informar: para que los estudiantes identifiquen los cambios que pueden afectarlos directa o indirectamente tanto en el aula de clase como en otros espacios. Prevenir: con el fin de anticiparse a las situaciones académicas que pueden representar dificultad para los estudiantes. Esto se logra a través de la interacción individual con los estudiantes y del completo conocimiento del contexto educativo en que el tutor se desenvuelve. Ayudar a decidir: donde se orienta a los estudiantes para que tomen la mejor decisión ante una situación concreta. El objetivo es que el estudiante fortalezca su autonomía y la toma de decisiones responsable. Retroalimentación formativa y sumativa. - Autoevaluación / Coevaluación. - Muestras de los proyectos destacados. - Observación. - Heteroevaluación. - Socialización de trabajos de clases. - Socialización de actividades de evaluación.
A6: =_xlfn.XLOOKUP(B6,'Paso 3 Redacción RA '!I$3:I$21,'Paso 3 Redacción RA '!C$3:C$21,,0,1) -> Saber | B6: Analiza las variables relacionadas con las necesidades del contexto y el usuario para tomar decisiones de diseño.
A7: =_xlfn.XLOOKUP(B7,'Paso 3 Redacción RA '!I$3:I$21,'Paso 3 Redacción RA '!C$3:C$21,,0,1) -> Saber | B7: Interpreta tendencias de la moda para diseñar productos gráficos acordes a su contexto de aplicación.
A8: =_xlfn.XLOOKUP(B8,'Paso 3 Redacción RA '!I$3:I$21,'Paso 3 Redacción RA '!C$3:C$21,,0,1) -> Saber | B8: Relaciona estrategias de comunicación visual con las necesidades de diseño para tomar decisiones en procesos creativos. | C8: 1 | D8: Teoría del Diseño | E8: Analiza los fundamentos disciplinares, teóricos y metodológicos del diseño para formular proyectos que respondan a problemáticas vinculadas con usuarios y contextos específicos. | F8: TP | H8: X | J8: 3 | K8: =16*J8 -> 48 | L8: =32*J8 -> 96 | M8: =SUM(K8:L14) -> 144 | N8: 1. Qué es el diseño 2. Diseño y otras disciplinas 3. El diseño y sus metodologías 4. Otros diseños | O8: Trabajo directo: Clases magistrales Uso de herramientas tecnológicas Resolución de problemas Exposiciones magistrales Análisis de casos Talleres Trabajo independiente: Lecturas Resolución de problemas Uso de herramientas tecnológicas Revisión de literatura Estado del arte | P8: Las estrategias pueden variar entre las siguientes u otras que puedan ser pertinentes para el proceso de aprendizaje. Evaluación formativa: Exposiciones grupales Trabajo colaborativo Actividades para desarrollar el pensamiento crítico. Evaluación sumativa: Exposiciones grupales Actividades para desarrollar el pensamiento crítico (foros) Trabajos escritos | Q8: Las acciones de retroalimentación giran en torno a las siguientes. Formar: donde se crean las condiciones para que los estudiantes adquieran conocimientos, habilidades, actitudes, aptitudes y destrezas. Además, debe promover su desarrollo integral y debe acompañarlos en las situaciones académicas que enfrenten durante el desarrollo de un módulo o una asignatura. Informar: para que los estudiantes identifiquen los cambios que pueden afectarlos directa o indirectamente tanto en el aula de clase como en otros espacios. Prevenir: con el fin de anticiparse a las situaciones académicas que pueden representar dificultad para los estudiantes. Esto se logra a través de la interacción individual con los estudiantes y del completo conocimiento del contexto educativo en que el tutor se desenvuelve. Ayudar a decidir: donde se orienta a los estudiantes para que tomen la mejor decisión ante una situación concreta. El objetivo es que el estudiante fortalezca su autonomía y la toma de decisiones responsable. Retroalimentación formativa y sumativa. - Autoevaluación / Coevaluación. - Observación. - Heteroevaluación. - Socialización de trabajos de clases. - Socialización de actividades de evaluación.
A9: =_xlfn.XLOOKUP(B9,'Paso 3 Redacción RA '!I$3:I$21,'Paso 3 Redacción RA '!C$3:C$21,,0,1) -> Saberhacer | B9: Diseña artefactos visuales, en diversos medios y formatos, para desarrollar proyectos que respondan de manera funcional a las necesidades del usuario y de la estrategia de comunicación definida.
A10: =_xlfn.XLOOKUP(B10,'Paso 3 Redacción RA '!I$3:I$21,'Paso 3 Redacción RA '!C$3:C$21,,0,1) -> Saberser | B10: Determina los recursos técnicos, visuales y conceptuales necesarios para generar artefactos de diseño funcionales y accesibles, a partir del análisis del problema y el contexto de aplicación.
A11: =_xlfn.XLOOKUP(B11,'Paso 3 Redacción RA '!I$3:I$21,'Paso 3 Redacción RA '!C$3:C$21,,0,1) -> Saber | B11: Identifica dispositivos, herramientas y plataformas tecnológicas para determinar sus posibilidades de uso en proyectos de diseño.
A12: =_xlfn.XLOOKUP(B12,'Paso 3 Redacción RA '!I$3:I$21,'Paso 3 Redacción RA '!C$3:C$21,,0,1) -> Saberhacer | B12: Explora las posibilidades expresivas de las herramientas y los medios tecnológicos para generar soluciones en contextos de diseño.
A13: =_xlfn.XLOOKUP(B13,'Paso 3 Redacción RA '!I$3:I$21,'Paso 3 Redacción RA '!C$3:C$21,,0,1) -> Saber | B13: Analiza las variables relacionadas con las necesidades del contexto y el usuario para tomar decisiones de diseño.
A14: =_xlfn.XLOOKUP(B14,'Paso 3 Redacción RA '!I$3:I$21,'Paso 3 Redacción RA '!C$3:C$21,,0,1) -> Saber | B14: Interpreta tendencias de la moda para diseñar productos gráficos acordes a su contexto de aplicación.
A15: =_xlfn.XLOOKUP(B15,'Paso 3 Redacción RA '!I$3:I$21,'Paso 3 Redacción RA '!C$3:C$21,,0,1) -> Saber | B15: Relaciona estrategias de comunicación visual con las necesidades de diseño para tomar decisiones en procesos creativos. | C15: 1 | D15: Imagen Digital | E15: Aplica técnicas de representación bi y tridimensional en medios digitales, para proponer soluciones de diseño que respondan a necesidades de usuario y contexto. | F15: TP | H15: X | J15: 3 | K15: =16*J15 -> 48 | L15: =32*J15 -> 96 | M15: =SUM(K15:L20) -> 144 | N15: 1. Introducción a la imagen digital 2. Dibujo vectorial 3. Color y pinceles 4. Texto, calco y finalización | O15: Trabajo directo Clase magistral activa Estudio de casos Talleres individuales Trabajo con herramientas digitales Trabajo independiente Lecturas Resolución de problemas Uso de herramientas computacionales Proyectos individuales | P15: Las estrategias pueden variar entre las siguientes u otras que puedan ser pertinentes para el proceso de aprendizaje. Evaluación formativa: Proyectos Uso de herramientas digitales Talleres Sustentación de proyectos Evaluación sumativa: Taller Presentación y sustentación de proyectos Piezas gráficas Exposiciones grupales | Q15: Las acciones de retroalimentación giran en torno a las siguientes. Formar: donde se crean las condiciones para que los estudiantes adquieran conocimientos, habilidades, actitudes, aptitudes y destrezas. Además, debe promover su desarrollo integral y debe acompañarlos en las situaciones académicas que enfrenten durante el desarrollo de un módulo o una asignatura. Informar: para que los estudiantes identifiquen los cambios que pueden afectarlos directa o indirectamente tanto en el aula de clase como en otros espacios. Prevenir: con el fin de anticiparse a las situaciones académicas que pueden representar dificultad para los estudiantes. Esto se logra a través de la interacción individual con los estudiantes y del completo conocimiento del contexto educativo en que el tutor se desenvuelve. Ayudar a decidir: donde se orienta a los estudiantes para que tomen la mejor decisión ante una situación concreta. El objetivo es que el estudiante fortalezca su autonomía y la toma de decisiones responsable. Retroalimentación formativa Autoevaluación/Coevaluación. Muestras de proyectos destacados Asesorías Retroalimentación sumativa Rúbricas Heteroevaluación Socialización de trabajos de clase Socialización de actividades de evaluación.
A16: =_xlfn.XLOOKUP(B16,'Paso 3 Redacción RA '!I$3:I$21,'Paso 3 Redacción RA '!C$3:C$21,,0,1) -> Saberhacer | B16: Diseña artefactos visuales, en diversos medios y formatos, para desarrollar proyectos que respondan de manera funcional a las necesidades del usuario y de la estrategia de comunicación definida.
A17: =_xlfn.XLOOKUP(B17,'Paso 3 Redacción RA '!I$3:I$21,'Paso 3 Redacción RA '!C$3:C$21,,0,1) -> Saberser | B17: Determina los recursos técnicos, visuales y conceptuales necesarios para generar artefactos de diseño funcionales y accesibles, a partir del análisis del problema y el contexto de aplicación.
A18: =_xlfn.XLOOKUP(B18,'Paso 3 Redacción RA '!I$3:I$21,'Paso 3 Redacción RA '!C$3:C$21,,0,1) -> Saber | B18: Identifica dispositivos, herramientas y plataformas tecnológicas para determinar sus posibilidades de uso en proyectos de diseño.
A19: =_xlfn.XLOOKUP(B19,'Paso 3 Redacción RA '!I$3:I$21,'Paso 3 Redacción RA '!C$3:C$21,,0,1) -> Saberhacer | B19: Explora las posibilidades expresivas de las herramientas y los medios tecnológicos para generar soluciones en contextos de diseño.
A20: =_xlfn.XLOOKUP(B20,'Paso 3 Redacción RA '!I$3:I$21,'Paso 3 Redacción RA '!C$3:C$21,,0,1) -> Saber | B20: Interpreta tendencias de la moda para diseñar productos gráficos acordes a su contexto de aplicación.
A21: =_xlfn.XLOOKUP(B21,'Paso 3 Redacción RA '!I$3:I$21,'Paso 3 Redacción RA '!C$3:C$21,,0,1) -> Saber | B21: Relaciona estrategias de comunicación visual con las necesidades de diseño para tomar decisiones en procesos creativos. | C21: 1 | D21: Dibujo y Perspectiva | E21: Identifica los elementos y técnicas del dibujo bidimensional para desarrollar representaciones bidimensionales analógicas y artefactos de diseño con capacidad expresiva.. | F21: TP | H21: X | J21: 3 | K21: =16*J21 -> 48 | L21: =32*J21 -> 96 | M21: =SUM(K21:L24) -> 144 | N21: 1. Perspectivas axonométricas 2. Perspectiva cónica 3. Volumen 4. Dibujo de Expresión | O21: Trabajo directo Clase magistral activa Talleres individuales Trabajo independiente Lecturas Resolución de problemas Uso de herramientas computacionales Uso de herramientas para el diseño | P21: Las estrategias pueden variar entre las siguientes u otras que puedan ser pertinentes para el proceso de aprendizaje. Evaluación formativa: Resolución de problemas Proyectos Taller Evaluación sumativa: Talleres Presentación y sustentación de proyectos Piezas gráficas | Q21: Las acciones de retroalimentación giran en torno a las siguientes. Formar: donde se crean las condiciones para que los estudiantes adquieran conocimientos, habilidades, actitudes, aptitudes y destrezas. Además, debe promover su desarrollo integral y debe acompañarlos en las situaciones académicas que enfrenten durante el desarrollo de un módulo o una asignatura. Informar: para que los estudiantes identifiquen los cambios que pueden afectarlos directa o indirectamente tanto en el aula de clase como en otros espacios. Prevenir: con el fin de anticiparse a las situaciones académicas que pueden representar dificultad para los estudiantes. Esto se logra a través de la interacción individual con los estudiantes y del completo conocimiento del contexto educativo en que el tutor se desenvuelve. Ayudar a decidir: donde se orienta a los estudiantes para que tomen la mejor decisión ante una situación concreta. El objetivo es que el estudiante fortalezca su autonomía y la toma de decisiones responsable. Retroalimentación formativa Autoevaluación/Coevaluación. Muestras de proyectos destacados Asesorías Retroalimentación sumativa Rúbricas Heteroevaluación Socialización de trabajos de clase Socialización de actividades de evaluación.
A22: =_xlfn.XLOOKUP(B22,'Paso 3 Redacción RA '!I$3:I$21,'Paso 3 Redacción RA '!C$3:C$21,,0,1) -> Saberhacer | B22: Diseña artefactos visuales, en diversos medios y formatos, para desarrollar proyectos que respondan de manera funcional a las necesidades del usuario y de la estrategia de comunicación definida.
A23: =_xlfn.XLOOKUP(B23,'Paso 3 Redacción RA '!I$3:I$21,'Paso 3 Redacción RA '!C$3:C$21,,0,1) -> Saberhacer | B23: Explora las posibilidades expresivas de las herramientas y los medios tecnológicos para generar soluciones en contextos de diseño.
A24: =_xlfn.XLOOKUP(B24,'Paso 3 Redacción RA '!I$3:I$21,'Paso 3 Redacción RA '!C$3:C$21,,0,1) -> Saber | B24: Analiza las variables relacionadas con las necesidades del contexto y el usuario para tomar decisiones de diseño. | R24: =SUM(J3:J24) -> 18
A25: =_xlfn.XLOOKUP(B25,'Paso 3 Redacción RA '!I$3:I$21,'Paso 3 Redacción RA '!C$3:C$21,,0,1) -> Saber | B25: Identifica fenómenos contemporáneos y su relación con la profesión, para determinar sus impactos e influencia en la sociedad, de forma responsable y crítica. | C25: 2 | D25: Análisis y Visualización de Datos | E25: Identifica conceptos básicos relacionados con el análisis y visualización de datos con el propósito de comunicar información relevante de manera efectiva en diversos contextos. Utiliza herramientas para realizar análisis y transformación de datos que garanticen una visualización sencilla y eficiente. Utiliza asistentes virtuales para realizar tareas prácticas y resolver problemas en su campo de estudio. Evalúa la presencia de sesgos y cuestiones éticas en el análisis y tratamiento de dato para garantizar que su uso esté desprovisto de efectos negativos en el entorno. | F25: TP | G25: X | J25: 3 | K25: =16*J25 -> 48 | L25: =32*J25 -> 96 | M25: =SUM(K25:L25) -> 144 | N25: 1. Contextualización 2. Análisis de Datos y Visualización 3. Usos de la Inteligencia Artificial 4. Casos de Estudio | O25: Trabajo directo: Clase magistral activa combinada con estrategias de metodologías activas Trabajo independiente: Lecturas. Laboratorios, talleres, estudios de caso | P25: Las estrategias pueden variar entre las siguientes u otras que puedan ser pertinentes para el proceso de aprendizaje. Evaluación formativa: Preguntas intercaladas, presentaciones de situaciones problema, juegos de roles, mesa redonda. Evaluación sumativa: Valoración de laboratorios, talleres, estudios de casos y una evaluación final | Q25: Las acciones de retroalimentación giran en torno a las siguientes. Formar: donde se crean las condiciones para que los estudiantes adquieran conocimientos, habilidades, actitudes, aptitudes y destrezas. Además, debe promover su desarrollo integral y debe acompañarlos en las situaciones académicas que enfrenten durante el desarrollo de un módulo o una asignatura. Informar: para que los estudiantes identifiquen los cambios que pueden afectarlos directa o indirectamente tanto en el aula de clase como en otros espacios. Prevenir: con el fin de anticiparse a las situaciones académicas que pueden representar dificultad para los estudiantes. Esto se logra a través de la interacción individual con los estudiantes y del completo conocimiento del contexto educativo en que el tutor se desenvuelve. Ayudar a decidir: donde se orienta a los estudiantes para que tomen la mejor decisión ante una situación concreta. El objetivo es que el estudiante fortalezca su autonomía y la toma de decisiones responsable.
A26: =_xlfn.XLOOKUP(B26,'Paso 3 Redacción RA '!I$3:I$21,'Paso 3 Redacción RA '!C$3:C$21,,0,1) -> Saber | B26: Relaciona estrategias de comunicación visual con las necesidades de diseño para tomar decisiones en procesos creativos. | C26: 2 | D26: Tipografía | E26: Identifica los principios de la composición tipográfica y sus tecnologías de construcción para desarrollar propuestas de diseño acordes a la funcionalidad y finalidad comunicativa. Aplica los principios de tipografía y composición tipográfica para construir mensajes visuales acordes al público objetivo y su medio de distribución. | F26: TP | H26: X | J26: 4 | K26: =16*J26 -> 64 | L26: =32*J26 -> 128 | M26: =SUM(K26:L31) -> 192 | N26: 1. Historia de las tecnologías de la escritura y de la impresión. 2. Anatomía de los tipos, estilos, familias y fuentes tipográficas. 3. Principios de composición tipográfica. 4. Composición tipográfica para medios digitales. | O26: Trabajo directo: Clases magistrales Talleres / Laboratorios Uso de herramientas computacionales Uso de herrramientas para el diseño Resolución de problemas Trabajo independiente: Lecturas Resolución de problemas Uso de herramientas computacionales Uso de herramientas para el diseño | P26: Las estrategias pueden variar entre las siguientes u otras que puedan ser pertinentes para el proceso de aprendizaje. Evaluación formativa: Exposiciones grupales Trabajo colaborativo Actividades para desarrollar el pensamiento crítico Evaluación sumativa: Exposiciones grupales Actividades para desarrollar el pensamiento crítico (foros) Trabajos escritos | Q26: Las acciones de retroalimentación giran en torno a las siguientes. Formar: donde se crean las condiciones para que los estudiantes adquieran conocimientos, habilidades, actitudes, aptitudes y destrezas. Además, debe promover su desarrollo integral y debe acompañarlos en las situaciones académicas que enfrenten durante el desarrollo de un módulo o una asignatura. Informar: para que los estudiantes identifiquen los cambios que pueden afectarlos directa o indirectamente tanto en el aula de clase como en otros espacios. Prevenir: con el fin de anticiparse a las situaciones académicas que pueden representar dificultad para los estudiantes. Esto se logra a través de la interacción individual con los estudiantes y del completo conocimiento del contexto educativo en que el tutor se desenvuelve. Ayudar a decidir: donde se orienta a los estudiantes para que tomen la mejor decisión ante una situación concreta. El objetivo es que el estudiante fortalezca su autonomía y la toma de decisiones responsable. Retroalimentación formativa Autoevaluación/Coevaluación. Muestras de proyectos destacados Asesorías Retroalimentación sumativa Rúbricas Heteroevaluación Socialización de trabajos de clase Socialización de actividades de evaluación.
A27: =_xlfn.XLOOKUP(B27,'Paso 3 Redacción RA '!I$3:I$21,'Paso 3 Redacción RA '!C$3:C$21,,0,1) -> Saberhacer | B27: Diseña artefactos visuales, en diversos medios y formatos, para desarrollar proyectos que respondan de manera funcional a las necesidades del usuario y de la estrategia de comunicación definida.
A28: =_xlfn.XLOOKUP(B28,'Paso 3 Redacción RA '!I$3:I$21,'Paso 3 Redacción RA '!C$3:C$21,,0,1) -> Saberser | B28: Determina los recursos técnicos, visuales y conceptuales necesarios para generar artefactos de diseño funcionales y accesibles, a partir del análisis del problema y el contexto de aplicación.
A29: =_xlfn.XLOOKUP(B29,'Paso 3 Redacción RA '!I$3:I$21,'Paso 3 Redacción RA '!C$3:C$21,,0,1) -> Saber | B29: Identifica dispositivos, herramientas y plataformas tecnológicas para determinar sus posibilidades de uso en proyectos de diseño.
A30: =_xlfn.XLOOKUP(B30,'Paso 3 Redacción RA '!I$3:I$21,'Paso 3 Redacción RA '!C$3:C$21,,0,1) -> Saberhacer | B30: Explora las posibilidades expresivas de las herramientas y los medios tecnológicos para generar soluciones en contextos de diseño.
A31: =_xlfn.XLOOKUP(B31,'Paso 3 Redacción RA '!I$3:I$21,'Paso 3 Redacción RA '!C$3:C$21,,0,1) -> Saber | B31: Analiza las variables relacionadas con las necesidades del contexto y el usuario para tomar decisiones de diseño.
A32: =_xlfn.XLOOKUP(B32,'Paso 3 Redacción RA '!I$3:I$21,'Paso 3 Redacción RA '!C$3:C$21,,0,1) -> Saber | B32: Relaciona estrategias de comunicación visual con las necesidades de diseño para tomar decisiones en procesos creativos. | C32: 2 | D32: Composición y Color | E32: Identifica los conceptos de composición visual para desarrollar soluciones de diseño que den respuesta a los objetivos comunicacionales. Interpreta las intenciones comunicativas del color para su aplicación en artefactos de diseño. Articula fundamentos de composición visual e intenciones comunicativas del color para desarrollar proyectos de comunicación visual. | F32: TP | H32: X | J32: 4 | K32: =16*J32 -> 64 | L32: =32*J32 -> 128 | M32: =SUM(K32:L38) -> 192 | N32: 1. Sintaxis de la imagen 2. Intención comunicativa del color en el diseño 3. Proceso compositivo de la imagen 4. El color y la experiencia de usuario | O32: Trabajo directo: Clases magistrales Uso de herramientas tecnológicas Resolución de problemas Exposiciones magistrales Análisis de casos Talleres Trabajo independiente: Lecturas Resolución de problemas Uso de herramientas tecnológicas Revisión de literatura Estado del arte | P32: Las estrategias pueden variar entre las siguientes u otras que puedan ser pertinentes para el proceso de aprendizaje. Evaluación formativa: Exposiciones grupales Trabajo colaborativo Actividades para desarrollar el pensamiento crítico Evaluación sumativa: Exposiciones grupales Actividades para desarrollar el pensamiento crítico (foros) Trabajos escritos | Q32: Las acciones de retroalimentación giran en torno a las siguientes. Formar: donde se crean las condiciones para que los estudiantes adquieran conocimientos, habilidades, actitudes, aptitudes y destrezas. Además, debe promover su desarrollo integral y debe acompañarlos en las situaciones académicas que enfrenten durante el desarrollo de un módulo o una asignatura. Informar: para que los estudiantes identifiquen los cambios que pueden afectarlos directa o indirectamente tanto en el aula de clase como en otros espacios. Prevenir: con el fin de anticiparse a las situaciones académicas que pueden representar dificultad para los estudiantes. Esto se logra a través de la interacción individual con los estudiantes y del completo conocimiento del contexto educativo en que el tutor se desenvuelve. Ayudar a decidir: donde se orienta a los estudiantes para que tomen la mejor decisión ante una situación concreta. El objetivo es que el estudiante fortalezca su autonomía y la toma de decisiones responsable. Retroalimentación formativa y sumativa. - Autoevaluación / Coevaluación. - Observación. - Heteroevaluación. - Socialización de trabajos de clases. - Socialización de actividades de evaluación.
A33: =_xlfn.XLOOKUP(B33,'Paso 3 Redacción RA '!I$3:I$21,'Paso 3 Redacción RA '!C$3:C$21,,0,1) -> Saberhacer | B33: Diseña artefactos visuales, en diversos medios y formatos, para desarrollar proyectos que respondan de manera funcional a las necesidades del usuario y de la estrategia de comunicación definida.
A34: =_xlfn.XLOOKUP(B34,'Paso 3 Redacción RA '!I$3:I$21,'Paso 3 Redacción RA '!C$3:C$21,,0,1) -> Saberser | B34: Determina los recursos técnicos, visuales y conceptuales necesarios para generar artefactos de diseño funcionales y accesibles, a partir del análisis del problema y el contexto de aplicación.
A35: =_xlfn.XLOOKUP(B35,'Paso 3 Redacción RA '!I$3:I$21,'Paso 3 Redacción RA '!C$3:C$21,,0,1) -> Saber | B35: Identifica dispositivos, herramientas y plataformas tecnológicas para determinar sus posibilidades de uso en proyectos de diseño.
A36: =_xlfn.XLOOKUP(B36,'Paso 3 Redacción RA '!I$3:I$21,'Paso 3 Redacción RA '!C$3:C$21,,0,1) -> Saberhacer | B36: Explora las posibilidades expresivas de las herramientas y los medios tecnológicos para generar soluciones en contextos de diseño.
A37: =_xlfn.XLOOKUP(B37,'Paso 3 Redacción RA '!I$3:I$21,'Paso 3 Redacción RA '!C$3:C$21,,0,1) -> Saber | B37: Analiza las variables relacionadas con las necesidades del contexto y el usuario para tomar decisiones de diseño.
A38: =_xlfn.XLOOKUP(B38,'Paso 3 Redacción RA '!I$3:I$21,'Paso 3 Redacción RA '!C$3:C$21,,0,1) -> Saber | B38: Interpreta tendencias de la moda para diseñar productos gráficos acordes a su contexto de aplicación.
A39: =_xlfn.XLOOKUP(B39,'Paso 3 Redacción RA '!I$3:I$21,'Paso 3 Redacción RA '!C$3:C$21,,0,1) -> Saber | B39: Relaciona estrategias de comunicación visual con las necesidades de diseño para tomar decisiones en procesos creativos. | C39: 2 | D39: Diseño Bi y Tridimensional | E39: Crea representaciones tridimensionales aplicando técnicamente los procesos de manufactura pertinentes para generar propuestas que respondan a las necesidades de diseño propuestas. Aplica técnicas de representación tridimensional en el desarrollo de propuestas de composición para resolver problemas a partir de metodologías de diseño. | F39: TP | H39: X | J39: 3 | K39: =16*J39 -> 48 | L39: =32*J39 -> 96 | M39: =SUM(K39:L45) -> 144 | N39: 1. Fundamentos de tridimensionalidad 2. Planos seriados 3. Estructuras de pared 4. Prismas y cilindros | O39: Trabajo directo: Clases magistrales Uso de herramientas tecnológicas Resolución de problemas Exposiciones magistrales Análisis de casos Talleres Trabajo independiente: Lecturas Resolución de problemas Uso de herramientas tecnológicas Revisión de literatura Estado del arte | P39: Las estrategias pueden variar entre las siguientes u otras que puedan ser pertinentes para el proceso de aprendizaje. Evaluación formativa: Exposiciones grupales Trabajo colaborativo Actividades para desarrollar el pensamiento crítico Evaluación sumativa: Exposiciones grupales Actividades para desarrollar el pensamiento crítico (foros) Trabajos escritos | Q39: Las acciones de retroalimentación giran en torno a las siguientes. Formar: donde se crean las condiciones para que los estudiantes adquieran conocimientos, habilidades, actitudes, aptitudes y destrezas. Además, debe promover su desarrollo integral y debe acompañarlos en las situaciones académicas que enfrenten durante el desarrollo de un módulo o una asignatura. Informar: para que los estudiantes identifiquen los cambios que pueden afectarlos directa o indirectamente tanto en el aula de clase como en otros espacios. Prevenir: con el fin de anticiparse a las situaciones académicas que pueden representar dificultad para los estudiantes. Esto se logra a través de la interacción individual con los estudiantes y del completo conocimiento del contexto educativo en que el tutor se desenvuelve. Ayudar a decidir: donde se orienta a los estudiantes para que tomen la mejor decisión ante una situación concreta. El objetivo es que el estudiante fortalezca su autonomía y la toma de decisiones responsable. Retroalimentación formativa y sumativa. - Autoevaluación / Coevaluación. - Observación. - Heteroevaluación. - Socialización de trabajos de clases. - Socialización de actividades de evaluación.
A40: =_xlfn.XLOOKUP(B40,'Paso 3 Redacción RA '!I$3:I$21,'Paso 3 Redacción RA '!C$3:C$21,,0,1) -> Saberhacer | B40: Diseña artefactos visuales, en diversos medios y formatos, para desarrollar proyectos que respondan de manera funcional a las necesidades del usuario y de la estrategia de comunicación definida.
A41: =_xlfn.XLOOKUP(B41,'Paso 3 Redacción RA '!I$3:I$21,'Paso 3 Redacción RA '!C$3:C$21,,0,1) -> Saberser | B41: Determina los recursos técnicos, visuales y conceptuales necesarios para generar artefactos de diseño funcionales y accesibles, a partir del análisis del problema y el contexto de aplicación.
A42: =_xlfn.XLOOKUP(B42,'Paso 3 Redacción RA '!I$3:I$21,'Paso 3 Redacción RA '!C$3:C$21,,0,1) -> Saber | B42: Identifica dispositivos, herramientas y plataformas tecnológicas para determinar sus posibilidades de uso en proyectos de diseño.
A43: =_xlfn.XLOOKUP(B43,'Paso 3 Redacción RA '!I$3:I$21,'Paso 3 Redacción RA '!C$3:C$21,,0,1) -> Saberhacer | B43: Explora las posibilidades expresivas de las herramientas y los medios tecnológicos para generar soluciones en contextos de diseño.
A44: =_xlfn.XLOOKUP(B44,'Paso 3 Redacción RA '!I$3:I$21,'Paso 3 Redacción RA '!C$3:C$21,,0,1) -> Saber | B44: Analiza las variables relacionadas con las necesidades del contexto y el usuario para tomar decisiones de diseño.
A45: =_xlfn.XLOOKUP(B45,'Paso 3 Redacción RA '!I$3:I$21,'Paso 3 Redacción RA '!C$3:C$21,,0,1) -> Saber | B45: Interpreta tendencias de la moda para diseñar productos gráficos acordes a su contexto de aplicación.
A46: =_xlfn.XLOOKUP(B46,'Paso 3 Redacción RA '!I$3:I$21,'Paso 3 Redacción RA '!C$3:C$21,,0,1) -> Saber | B46: Relaciona estrategias de comunicación visual con las necesidades de diseño para tomar decisiones en procesos creativos. | C46: 2 | D46: Fundamentos de Fotografía | E46: Reconoce los fundamentos técnicos y conceptuales de la fotografía, para aplicar criterios básicos en la valoración de imágenes según su intención comunicativa y tipología visual. | F46: TP | H46: X | J46: 3 | K46: =16*J46 -> 48 | L46: =32*J46 -> 96 | M46: =SUM(K46:L52) -> 144 | N46: 1. Contexto y antecedentes de la fotografía 2. Fundamentos técnicos de la fotografía 3. Producción de la imagen fotográfica 4. Tipologías de la imagen fotográfica | O46: Trabajo directo: Clases magistrales Talleres / Laboratorios Uso de herramientas computacionales Uso de herrramientas para fotografía Resolución de problemas Trabajo independiente: Lecturas Resolución de problemas Uso de herramientas computacionales Uso de herramientas para fotografía | P46: Las estrategias pueden variar entre las siguientes u otras que puedan ser pertinentes para el proceso de aprendizaje. Evaluación formativa: Resolución de problemas Uso de herramientas computacionales Proyectos Evaluación sumativa: Taller / Laboratorios Presentación y sustentación de proyectos Piezas fotográficas | Q46: Las acciones de retroalimentación giran en torno a las siguientes. Formar: donde se crean las condiciones para que los estudiantes adquieran conocimientos, habilidades, actitudes, aptitudes y destrezas. Además, debe promover su desarrollo integral y debe acompañarlos en las situaciones académicas que enfrenten durante el desarrollo de un módulo o una asignatura. Informar: para que los estudiantes identifiquen los cambios que pueden afectarlos directa o indirectamente tanto en el aula de clase como en otros espacios. Prevenir: con el fin de anticiparse a las situaciones académicas que pueden representar dificultad para los estudiantes. Esto se logra a través de la interacción individual con los estudiantes y del completo conocimiento del contexto educativo en que el tutor se desenvuelve. Ayudar a decidir: donde se orienta a los estudiantes para que tomen la mejor decisión ante una situación concreta. El objetivo es que el estudiante fortalezca su autonomía y la toma de decisiones responsable. Retroalimentación formativa y sumativa. - Autoevaluación / Coevaluación. - Muestras de los proyectos destacados. - Observación. - Heteroevaluación. - Socialización de trabajos de clases. - Socialización de actividades de evaluación.
A47: =_xlfn.XLOOKUP(B47,'Paso 3 Redacción RA '!I$3:I$21,'Paso 3 Redacción RA '!C$3:C$21,,0,1) -> Saberhacer | B47: Diseña artefactos visuales, en diversos medios y formatos, para desarrollar proyectos que respondan de manera funcional a las necesidades del usuario y de la estrategia de comunicación definida.
A48: =_xlfn.XLOOKUP(B48,'Paso 3 Redacción RA '!I$3:I$21,'Paso 3 Redacción RA '!C$3:C$21,,0,1) -> Saberser | B48: Determina los recursos técnicos, visuales y conceptuales necesarios para generar artefactos de diseño funcionales y accesibles, a partir del análisis del problema y el contexto de aplicación.
A49: =_xlfn.XLOOKUP(B49,'Paso 3 Redacción RA '!I$3:I$21,'Paso 3 Redacción RA '!C$3:C$21,,0,1) -> Saber | B49: Identifica dispositivos, herramientas y plataformas tecnológicas para determinar sus posibilidades de uso en proyectos de diseño.
A50: =_xlfn.XLOOKUP(B50,'Paso 3 Redacción RA '!I$3:I$21,'Paso 3 Redacción RA '!C$3:C$21,,0,1) -> Saberhacer | B50: Explora las posibilidades expresivas de las herramientas y los medios tecnológicos para generar soluciones en contextos de diseño.
A51: =_xlfn.XLOOKUP(B51,'Paso 3 Redacción RA '!I$3:I$21,'Paso 3 Redacción RA '!C$3:C$21,,0,1) -> Saber | B51: Analiza las variables relacionadas con las necesidades del contexto y el usuario para tomar decisiones de diseño.
A52: =_xlfn.XLOOKUP(B52,'Paso 3 Redacción RA '!I$3:I$21,'Paso 3 Redacción RA '!C$3:C$21,,0,1) -> Saber | B52: Interpreta tendencias de la moda para diseñar productos gráficos acordes a su contexto de aplicación. | R52: =SUM(J25:J46) -> 17
A53: =_xlfn.XLOOKUP(B53,'Paso 3 Redacción RA '!I$3:I$21,'Paso 3 Redacción RA '!C$3:C$21,,0,1) -> Saber | B53: Identifica fenómenos contemporáneos y su relación con la profesión, para determinar sus impactos e influencia en la sociedad, de forma responsable y crítica. | C53: 3 | D53: Pensamiento Crítico y Ciudadanías Activas | E53: Identifica los Derechos y Deberes consignados en la Constitución 1991 en relación con la ciudadanía de manera local y global para la comprensión de inmersiones sociales éticas. Reflexiona los impactos de la investigación- acción sin daño en los espacios académicos y los territorios para el abordaje desde proyectos de investigación formativa. Elabora el diseño de planes detallados desde abordajes investigativos e inmersiones creativas para divulgar hallazgos en el ámbito académico. | F53: TP | G53: X | J53: 3 | K53: =16*J53 -> 48 | L53: =32*J53 -> 96 | M53: =SUM(K53:L53) -> 144 | N53: 1. Pacto social colombiano y marco de referencias de DDHH internacionales 2. Planes detallados e inmersiones sociales desde procesos participativos, acciones sociales e iniciativas ciudadanas como respuesta a problemas glocales 3. Perspectivas para la participación ciudadana en los territorios 4. Los avances tecnológicos y su impacto en lo social, cultural y ambiental en el marco de las sociedades de información | O53: Trabajo directo: Encuentros presenciales Estrategias de aprendizaje con metodologías activas Aprendizaje basado en problemas. Trabajo independiente: Resumen (incluyendo la lectura de textos narrativos, expositivos y argumentativos) Análisis crítico de noticias sociales, culturales y ambientales. Elaboración de Árbol de problemas como técnica para planteamiento de problemas del PIF. Talleres individuales y por grupos sobre la tipología de textos | P53: Evaluación formativa: Construcción de textos argumentativos sobre problemáticas en las sociedades de la información. ,elaboración de ejercicios para la citación en APA última edición., cartografías sociales de problemáticas sociales, culturales y ambientales., elaboración de árbol de problemas, construcción de objetivos generales y específicos, desarrollo de anteproyectos., talleres experienciales con juegos de roles, realización de exposición a través de la caja italiana para el manejo del espacio, la lectura y la oralidad, exposiciones creativas del PIF en el marco del evento “Feria de proyectos” Evaluación sumativa comprende los logros obtenidos en cada actividad y en todo el proceso, representados en porcentajes acumulativos según la parametrización de 0 a 5; Lecturas cruzadas, Plan de Inmersión Seguimiento, Ejecución Plan de Inmersión , Socialización Plan Seguimiento , Sistematización- Crónica , Análisis Plan de Inmersión , Feria de proyectos , Seguimiento | Q53: Las acciones de retroalimentación giran en torno a las siguientes. Formar: donde se crean las condiciones para que los estudiantes adquieran conocimientos, habilidades, actitudes, aptitudes y destrezas. Además, debe promover su desarrollo integral y debe acompañarlos en las situaciones académicas que enfrenten durante el desarrollo de un módulo o una asignatura. Informar: para que los estudiantes identifiquen los cambios que pueden afectarlos directa o indirectamente tanto en el aula de clase como en otros espacios. Prevenir: con el fin de anticiparse a las situaciones académicas que pueden representar dificultad para los estudiantes. Esto se logra a través de la interacción individual con los estudiantes y del completo conocimiento del contexto educativo en que el tutor se desenvuelve. Ayudar a decidir: donde se orienta a los estudiantes para que tomen la mejor decisión ante una situación concreta. El objetivo es que el estudiante fortalezca su autonomía y la toma de decisiones responsable.
A54: =_xlfn.XLOOKUP(B54,'Paso 3 Redacción RA '!I$3:I$21,'Paso 3 Redacción RA '!C$3:C$21,,0,1) -> Saber | B54: Identifica fenómenos contemporáneos y su relación con la profesión, para determinar sus impactos e influencia en la sociedad, de forma responsable y crítica. | C54: 3 | D54: Oportunidades para Emprender | E54: Propone soluciones a los problemas, frustraciones y expectativas de un grupo de personas en su comunidad para idear productos o servicios con valor agregado dentro de su campo de acción profesional. Diseña una idea de negocio que represente una oportunidad de mercado teniendo en cuenta sus habilidades para emprender y el análisis del entorno. | F54: TP | G54: X | J54: 3 | K54: =16*J54 -> 48 | L54: =32*J54 -> 96 | M54: =SUM(K54:L54) -> 144 | N54: 1. Empatía y Comprensión del Usuario 2. Co-creación con los Usuarios 3. Enfoque en la Experiencia del Usuario 4. Diseño del modelo de negocio | O54: Trabajo directo: Clase magistral activa combinada con estrategias de metodologías activas Trabajo independiente: Lecturas. Laboratorios, talleres, estudios de caso | P54: Las estrategias pueden variar entre las siguientes u otras que puedan ser pertinentes para el proceso de aprendizaje. Evaluación formativa: Preguntas intercaladas, presentaciones de situaciones problema, juegos de roles, mesa redonda. Evaluación sumativa: Valoración de laboratorios, talleres, estudios de casos y una evaluación final | Q54: Las acciones de retroalimentación giran en torno a las siguientes. Formar: donde se crean las condiciones para que los estudiantes adquieran conocimientos, habilidades, actitudes, aptitudes y destrezas. Además, debe promover su desarrollo integral y debe acompañarlos en las situaciones académicas que enfrenten durante el desarrollo de un módulo o una asignatura. Informar: para que los estudiantes identifiquen los cambios que pueden afectarlos directa o indirectamente tanto en el aula de clase como en otros espacios. Prevenir: con el fin de anticiparse a las situaciones académicas que pueden representar dificultad para los estudiantes. Esto se logra a través de la interacción individual con los estudiantes y del completo conocimiento del contexto educativo en que el tutor se desenvuelve. Ayudar a decidir: donde se orienta a los estudiantes para que tomen la mejor decisión ante una situación concreta. El objetivo es que el estudiante fortalezca su autonomía y la toma de decisiones responsable.
A55: =_xlfn.XLOOKUP(B55,'Paso 3 Redacción RA '!I$3:I$21,'Paso 3 Redacción RA '!C$3:C$21,,0,1) -> Saber | B55: Relaciona estrategias de comunicación visual con las necesidades de diseño para tomar decisiones en procesos creativos. | C55: 3 | D55: Geometría y Modulación | E55: Aplica los recursos técnicos, tecnológicos, expresivos y conceptuales, para representar abstracciones visuales desde el plano bidimensional y tridimensional. | F55: TP | H55: X | J55: 3 | K55: =16*J55 -> 48 | L55: =32*J55 -> 96 | M55: =SUM(K55:L61) -> 144 | N55: 1. Fundamentos del lenguaje geométrico en la creación gráfica 2. Sistemas de representación y proyección del espacio 3. Fundamentos del espacio en tres dimensiones 4. Construcción de objetos basada en planos | O55: Trabajo directo Clase magistral activa Lecturas Talleres individuales Trabajo independiente Lecturas Resolución de problemas Uso de herramientas computacionales Uso de herramientas para el diseño | P55: Las estrategias pueden variar entre las siguientes u otras que puedan ser pertinentes para el proceso de aprendizaje. Evaluación formativa: Resolución de problemas Proyectos Talleres Evaluación sumativa: Taller Exposiciones grupales | Q55: Las acciones de retroalimentación giran en torno a las siguientes. Formar: donde se crean las condiciones para que los estudiantes adquieran conocimientos, habilidades, actitudes, aptitudes y destrezas. Además, debe promover su desarrollo integral y debe acompañarlos en las situaciones académicas que enfrenten durante el desarrollo de un módulo o una asignatura. Informar: para que los estudiantes identifiquen los cambios que pueden afectarlos directa o indirectamente tanto en el aula de clase como en otros espacios. Prevenir: con el fin de anticiparse a las situaciones académicas que pueden representar dificultad para los estudiantes. Esto se logra a través de la interacción individual con los estudiantes y del completo conocimiento del contexto educativo en que el tutor se desenvuelve. Ayudar a decidir: donde se orienta a los estudiantes para que tomen la mejor decisión ante una situación concreta. El objetivo es que el estudiante fortalezca su autonomía y la toma de decisiones responsable. Retroalimentación formativa Autoevaluación/Coevaluación. Muestras de proyectos destacados Asesorías Retroalimentación sumativa Rúbricas Heteroevaluación Socialización de trabajos de clase Socialización de actividades de evaluación.
A56: =_xlfn.XLOOKUP(B56,'Paso 3 Redacción RA '!I$3:I$21,'Paso 3 Redacción RA '!C$3:C$21,,0,1) -> Saberhacer | B56: Diseña artefactos visuales, en diversos medios y formatos, para desarrollar proyectos que respondan de manera funcional a las necesidades del usuario y de la estrategia de comunicación definida.
A57: =_xlfn.XLOOKUP(B57,'Paso 3 Redacción RA '!I$3:I$21,'Paso 3 Redacción RA '!C$3:C$21,,0,1) -> Saberser | B57: Determina los recursos técnicos, visuales y conceptuales necesarios para generar artefactos de diseño funcionales y accesibles, a partir del análisis del problema y el contexto de aplicación.
A58: =_xlfn.XLOOKUP(B58,'Paso 3 Redacción RA '!I$3:I$21,'Paso 3 Redacción RA '!C$3:C$21,,0,1) -> Saber | B58: Identifica dispositivos, herramientas y plataformas tecnológicas para determinar sus posibilidades de uso en proyectos de diseño.
A59: =_xlfn.XLOOKUP(B59,'Paso 3 Redacción RA '!I$3:I$21,'Paso 3 Redacción RA '!C$3:C$21,,0,1) -> Saberhacer | B59: Explora las posibilidades expresivas de las herramientas y los medios tecnológicos para generar soluciones en contextos de diseño.
A60: =_xlfn.XLOOKUP(B60,'Paso 3 Redacción RA '!I$3:I$21,'Paso 3 Redacción RA '!C$3:C$21,,0,1) -> Saber | B60: Analiza las variables relacionadas con las necesidades del contexto y el usuario para tomar decisiones de diseño.
A61: =_xlfn.XLOOKUP(B61,'Paso 3 Redacción RA '!I$3:I$21,'Paso 3 Redacción RA '!C$3:C$21,,0,1) -> Saber | B61: Interpreta tendencias de la moda para diseñar productos gráficos acordes a su contexto de aplicación.
A62: =_xlfn.XLOOKUP(B62,'Paso 3 Redacción RA '!I$3:I$21,'Paso 3 Redacción RA '!C$3:C$21,,0,1) -> Saber | B62: Relaciona estrategias de comunicación visual con las necesidades de diseño para tomar decisiones en procesos creativos. | C62: 3 | D62: Comunicación y Estética | E62: Analiza discursos visuales y mediáticos desde los conceptos de estética y comunicación, para crear una producción visual, audiovisual o textual que exprese cómo se configuran significados y representaciones sociales en la cultura contemporánea. | F62: TP | H62: X | J62: 3 | K62: =16*J62 -> 48 | L62: =32*J62 -> 96 | M62: =SUM(K62:L67) -> 144 | N62: 1. Las formas de la imagen. Relación de la estética con la construcción de relatos 2. Del espectador al usuario-consumidor. Mecanismos socioculturales de la construcción de sentido 3. Del prosumidor al co-creador algorítmico. Estéticas de la interacción y la personalización en la era de la IA 4 Más allá de la representación. La imagen sintética, la post-fotografía y las estéticas generativas | O62: Trabajo directo Clase magistral activa Talleres individuales y grupales Exposiciones Trabajo independiente Trabajo de campo Lecturas Proyectos | P62: Las estrategias pueden variar entre las siguientes u otras que puedan ser pertinentes para el proceso de aprendizaje. Evaluación formativa: Resolución de problemas Proyectos Sustentación de proyectos Evaluación sumativa: Presentación y sustentación de proyectos Piezas gráficas Exposiciones grupales Foros Evaluación escrita | Q62: Las acciones de retroalimentación giran en torno a las siguientes. Formar: donde se crean las condiciones para que los estudiantes adquieran conocimientos, habilidades, actitudes, aptitudes y destrezas. Además, debe promover su desarrollo integral y debe acompañarlos en las situaciones académicas que enfrenten durante el desarrollo de un módulo o una asignatura. Informar: para que los estudiantes identifiquen los cambios que pueden afectarlos directa o indirectamente tanto en el aula de clase como en otros espacios. Prevenir: con el fin de anticiparse a las situaciones académicas que pueden representar dificultad para los estudiantes. Esto se logra a través de la interacción individual con los estudiantes y del completo conocimiento del contexto educativo en que el tutor se desenvuelve. Ayudar a decidir: donde se orienta a los estudiantes para que tomen la mejor decisión ante una situación concreta. El objetivo es que el estudiante fortalezca su autonomía y la toma de decisiones responsable. Retroalimentación formativa Autoevaluación/Coevaluación. Muestras de proyectos destacados Asesorías Retroalimentación sumativa Rúbricas Heteroevaluación Socialización de trabajos de clase Socialización de actividades de evaluación.
A63: =_xlfn.XLOOKUP(B63,'Paso 3 Redacción RA '!I$3:I$21,'Paso 3 Redacción RA '!C$3:C$21,,0,1) -> Saberhacer | B63: Diseña artefactos visuales, en diversos medios y formatos, para desarrollar proyectos que respondan de manera funcional a las necesidades del usuario y de la estrategia de comunicación definida.
A64: =_xlfn.XLOOKUP(B64,'Paso 3 Redacción RA '!I$3:I$21,'Paso 3 Redacción RA '!C$3:C$21,,0,1) -> Saberser | B64: Determina los recursos técnicos, visuales y conceptuales necesarios para generar artefactos de diseño funcionales y accesibles, a partir del análisis del problema y el contexto de aplicación.
A65: =_xlfn.XLOOKUP(B65,'Paso 3 Redacción RA '!I$3:I$21,'Paso 3 Redacción RA '!C$3:C$21,,0,1) -> Saberhacer | B65: Explora las posibilidades expresivas de las herramientas y los medios tecnológicos para generar soluciones en contextos de diseño.
A66: =_xlfn.XLOOKUP(B66,'Paso 3 Redacción RA '!I$3:I$21,'Paso 3 Redacción RA '!C$3:C$21,,0,1) -> Saber | B66: Analiza las variables relacionadas con las necesidades del contexto y el usuario para tomar decisiones de diseño.
A67: =_xlfn.XLOOKUP(B67,'Paso 3 Redacción RA '!I$3:I$21,'Paso 3 Redacción RA '!C$3:C$21,,0,1) -> Saber | B67: Interpreta tendencias de la moda para diseñar productos gráficos acordes a su contexto de aplicación.
A68: =_xlfn.XLOOKUP(B68,'Paso 3 Redacción RA '!I$3:I$21,'Paso 3 Redacción RA '!C$3:C$21,,0,1) -> Saber | B68: Relaciona estrategias de comunicación visual con las necesidades de diseño para tomar decisiones en procesos creativos. | C68: 3 | D68: Pensamiento Creativo | E68: Analiza las necesidades del contexto y del usuario para resolver problemas de diseño en prototipos funcionales acordes a la toma de decisiones. Aplica metodologías de pensamiento en diseño y estrategias creativas para diseñar artefactos visuales que resuelvan necesidades de contextos y/o usuarios. | F68: TP | H68: X | J68: 3 | K68: =16*J68 -> 48 | L68: =32*J68 -> 96 | M68: =SUM(K68:L71) -> 144 | N68: 1. Diseño centrado en el usuario: Empatía, definición e ideación de soluciones 2. Diseñar pensando en las necesidades: Investigación e ideación 3. Co-creación: Diseño prototipo de mínimo Producto viable, testeo como prueba de usabilidad y evaluación de la experiencia de usuario 4. Evaluar el producto: Rediseñar y consolidar propuestas de valor | O68: Trabajo directo Clase magistral activa Estudio de casos Trabajo con herramientas digitales Lecturas Trabajo independiente Lecturas Resolución de problemas Uso de herramientas computacionales Uso de herramientas para el diseño | P68: Las estrategias pueden variar entre las siguientes u otras que puedan ser pertinentes para el proceso de aprendizaje. Evaluación formativa: Resolución de problemas Proyectos Uso de herramientas digitales Talleres Sustentación de proyectos Evaluación sumativa: Taller Presentación y sustentación de proyectos Piezas gráficas Exposiciones grupales | Q68: Las acciones de retroalimentación giran en torno a las siguientes. Formar: donde se crean las condiciones para que los estudiantes adquieran conocimientos, habilidades, actitudes, aptitudes y destrezas. Además, debe promover su desarrollo integral y debe acompañarlos en las situaciones académicas que enfrenten durante el desarrollo de un módulo o una asignatura. Informar: para que los estudiantes identifiquen los cambios que pueden afectarlos directa o indirectamente tanto en el aula de clase como en otros espacios. Prevenir: con el fin de anticiparse a las situaciones académicas que pueden representar dificultad para los estudiantes. Esto se logra a través de la interacción individual con los estudiantes y del completo conocimiento del contexto educativo en que el tutor se desenvuelve. Ayudar a decidir: donde se orienta a los estudiantes para que tomen la mejor decisión ante una situación concreta. El objetivo es que el estudiante fortalezca su autonomía y la toma de decisiones responsable. Retroalimentación formativa Autoevaluación/Coevaluación. Muestras de proyectos destacados Asesorías Retroalimentación sumativa Rúbricas Heteroevaluación Socialización de trabajos de clase Socialización de actividades de evaluación.
A69: =_xlfn.XLOOKUP(B69,'Paso 3 Redacción RA '!I$3:I$21,'Paso 3 Redacción RA '!C$3:C$21,,0,1) -> Saberhacer | B69: Diseña artefactos visuales, en diversos medios y formatos, para desarrollar proyectos que respondan de manera funcional a las necesidades del usuario y de la estrategia de comunicación definida.
A70: =_xlfn.XLOOKUP(B70,'Paso 3 Redacción RA '!I$3:I$21,'Paso 3 Redacción RA '!C$3:C$21,,0,1) -> Saberser | B70: Determina los recursos técnicos, visuales y conceptuales necesarios para generar artefactos de diseño funcionales y accesibles, a partir del análisis del problema y el contexto de aplicación.
A71: =_xlfn.XLOOKUP(B71,'Paso 3 Redacción RA '!I$3:I$21,'Paso 3 Redacción RA '!C$3:C$21,,0,1) -> Saber | B71: Analiza las variables relacionadas con las necesidades del contexto y el usuario para tomar decisiones de diseño.
A72: =_xlfn.XLOOKUP(B72,'Paso 3 Redacción RA '!I$3:I$21,'Paso 3 Redacción RA '!C$3:C$21,,0,1) -> Saber | B72: Relaciona estrategias de comunicación visual con las necesidades de diseño para tomar decisiones en procesos creativos. | C72: 3 | D72: Animación 2D | E72: Experimenta con herramientas de representación gráfica para la realización de productos de animación bidimensional aplicadas en piezas audiovisuales. Analiza conceptos y técnicas del movimiento de gráficos en movimiento para el análisis y pruebas de animación bidimensional. Produce piezas audiovisuales integrales con movimiento, narrativa, función, composición y estética de animación 2D para la proyección y finalización audiovisual de cortos animados. | F72: TP | H72: X | J72: 3 | K72: =16*J72 -> 48 | L72: =32*J72 -> 96 | M72: =SUM(K72:L77) -> 144 | N72: 1. Contexto de la animación bidimensional 2. Narración audiovisual 3. Herramientas de software para animación 4. Preproducción y producción de proyecto animado | O72: Trabajo directo Clase magistral activa Talleres individuales Trabajo independiente Lecturas Resolución de problemas Uso de herramientas computacionales Uso de herramientas para el diseño | P72: Las estrategias pueden variar entre las siguientes u otras que puedan ser pertinentes para el proceso de aprendizaje. Evaluación formativa: Resolución de problemas Proyectos Taller Evaluación sumativa: Talleres Presentación y sustentación de proyectos Piezas gráficas | Q72: Las acciones de retroalimentación giran en torno a las siguientes. Formar: donde se crean las condiciones para que los estudiantes adquieran conocimientos, habilidades, actitudes, aptitudes y destrezas. Además, debe promover su desarrollo integral y debe acompañarlos en las situaciones académicas que enfrenten durante el desarrollo de un módulo o una asignatura. Informar: para que los estudiantes identifiquen los cambios que pueden afectarlos directa o indirectamente tanto en el aula de clase como en otros espacios. Prevenir: con el fin de anticiparse a las situaciones académicas que pueden representar dificultad para los estudiantes. Esto se logra a través de la interacción individual con los estudiantes y del completo conocimiento del contexto educativo en que el tutor se desenvuelve. Ayudar a decidir: donde se orienta a los estudiantes para que tomen la mejor decisión ante una situación concreta. El objetivo es que el estudiante fortalezca su autonomía y la toma de decisiones responsable. Retroalimentación formativa Autoevaluación/Coevaluación. Muestras de proyectos destacados Asesorías Retroalimentación sumativa Rúbricas Heteroevaluación Socialización de trabajos de clase Socialización de actividades de evaluación.
A73: =_xlfn.XLOOKUP(B73,'Paso 3 Redacción RA '!I$3:I$21,'Paso 3 Redacción RA '!C$3:C$21,,0,1) -> Saberhacer | B73: Diseña artefactos visuales, en diversos medios y formatos, para desarrollar proyectos que respondan de manera funcional a las necesidades del usuario y de la estrategia de comunicación definida.
A74: =_xlfn.XLOOKUP(B74,'Paso 3 Redacción RA '!I$3:I$21,'Paso 3 Redacción RA '!C$3:C$21,,0,1) -> Saberser | B74: Determina los recursos técnicos, visuales y conceptuales necesarios para generar artefactos de diseño funcionales y accesibles, a partir del análisis del problema y el contexto de aplicación.
A75: =_xlfn.XLOOKUP(B75,'Paso 3 Redacción RA '!I$3:I$21,'Paso 3 Redacción RA '!C$3:C$21,,0,1) -> Saber | B75: Identifica dispositivos, herramientas y plataformas tecnológicas para determinar sus posibilidades de uso en proyectos de diseño.
A76: =_xlfn.XLOOKUP(B76,'Paso 3 Redacción RA '!I$3:I$21,'Paso 3 Redacción RA '!C$3:C$21,,0,1) -> Saberhacer | B76: Explora las posibilidades expresivas de las herramientas y los medios tecnológicos para generar soluciones en contextos de diseño.
A77: =_xlfn.XLOOKUP(B77,'Paso 3 Redacción RA '!I$3:I$21,'Paso 3 Redacción RA '!C$3:C$21,,0,1) -> Saber | B77: Analiza las variables relacionadas con las necesidades del contexto y el usuario para tomar decisiones de diseño. | R77: =SUM(J53:J72) -> 18
A78: =_xlfn.XLOOKUP(B78,'Paso 3 Redacción RA '!I$3:I$21,'Paso 3 Redacción RA '!C$3:C$21,,0,1) -> Saber | B78: Identifica fenómenos contemporáneos y su relación con la profesión, para determinar sus impactos e influencia en la sociedad, de forma responsable y crítica. | C78: 4 | D78: Desarrollo Sostenible | E78: Identifica ejemplos de problemas ambientales, sociales y económicos en la sociedad contemporánea para analizar sus causas y efectos desde el enfoque del desarrollo sostenible a escala local y global. Compara enfoques y aproximaciones tanto privados como público/colectivos desde la sostenibilidad y otras visiones alternativas para proponer ideas de solución que respondan a los desafíos contemporáneos. | F78: TP | G78: X | J78: 3 | K78: =16*J78 -> 48 | L78: =32*J78 -> 96 | M78: =SUM(K78:L78) -> 144 | N78: 1. Análisis de la Era del Antropoceno 2. Otras Alternativas al Desarrollo Sostenible 3. Ciudadanía y Políticas Públicas para el Desarrollo Sostenible 4. El aporte de Negocios para la Búsqueda del Desarrollo Sostenible | O78: Trabajo directo: Clase magistral activa combinada con estrategias de metodologías activas Trabajo independiente: Lecturas, Laboratorios, talleres, estudios de caso | P78: Las estrategias pueden variar entre las siguientes u otras que puedan ser pertinentes para el proceso de aprendizaje. Evaluación formativa: Preguntas intercaladas, presentaciones de situaciones problema, juegos de roles, mesa redonda. Evaluación sumativa: Valoración de laboratorios, talleres, estudios de casos y una evaluación final | Q78: Las acciones de retroalimentación giran en torno a las siguientes. Formar: donde se crean las condiciones para que los estudiantes adquieran conocimientos, habilidades, actitudes, aptitudes y destrezas. Además, debe promover su desarrollo integral y debe acompañarlos en las situaciones académicas que enfrenten durante el desarrollo de un módulo o una asignatura. Informar: para que los estudiantes identifiquen los cambios que pueden afectarlos directa o indirectamente tanto en el aula de clase como en otros espacios. Prevenir: con el fin de anticiparse a las situaciones académicas que pueden representar dificultad para los estudiantes. Esto se logra a través de la interacción individual con los estudiantes y del completo conocimiento del contexto educativo en que el tutor se desenvuelve. Ayudar a decidir: donde se orienta a los estudiantes para que tomen la mejor decisión ante una situación concreta. El objetivo es que el estudiante fortalezca su autonomía y la toma de decisiones responsable.
A79: =_xlfn.XLOOKUP(B79,'Paso 3 Redacción RA '!I$3:I$21,'Paso 3 Redacción RA '!C$3:C$21,,0,1) -> Saber | B79: Relaciona estrategias de comunicación visual con las necesidades de diseño para tomar decisiones en procesos creativos. | C79: 4 | D79: Semiótica | E79: Reconoce los sistemas simbólicos presentes en mensajes visuales, sonoros y audiovisuales, para aplicar conceptos semióticos en el análisis de productos comunicativos en contextos culturales específicos. | F79: TP | H79: X | J79: 3 | K79: =16*J79 -> 48 | L79: =32*J79 -> 96 | M79: =SUM(K79:L83) -> 144 | N79: 1. Introducción a la semiótica 2. Teoría de los códigos 3. El mundo como entrecruzamiento de signos sociales 4. Los mensajes modernos: la radio, la televisión y el cine. Los mensajes postmodernos: el cómic, el videoclip y los video juegos | O79: Trabajo directo Clase magistral activa Estudio de casos Talleres individuales o grupales Trabajo independiente Proyectos Lecturas Resolución de problemas Uso de herramientas computacionales Uso de herramientas para el diseño | P79: Las estrategias pueden variar entre las siguientes u otras que puedan ser pertinentes para el proceso de aprendizaje. Evaluación formativa: Resolución de problemas Proyectos Talleres Sustentación de proyectos Evaluación sumativa: Taller Presentación y sustentación de proyectos Piezas gráficas Exposiciones grupales | Q79: Las acciones de retroalimentación giran en torno a las siguientes. Formar: donde se crean las condiciones para que los estudiantes adquieran conocimientos, habilidades, actitudes, aptitudes y destrezas. Además, debe promover su desarrollo integral y debe acompañarlos en las situaciones académicas que enfrenten durante el desarrollo de un módulo o una asignatura. Informar: para que los estudiantes identifiquen los cambios que pueden afectarlos directa o indirectamente tanto en el aula de clase como en otros espacios. Prevenir: con el fin de anticiparse a las situaciones académicas que pueden representar dificultad para los estudiantes. Esto se logra a través de la interacción individual con los estudiantes y del completo conocimiento del contexto educativo en que el tutor se desenvuelve. Ayudar a decidir: donde se orienta a los estudiantes para que tomen la mejor decisión ante una situación concreta. El objetivo es que el estudiante fortalezca su autonomía y la toma de decisiones responsable. Retroalimentación formativa Autoevaluación/Coevaluación. Muestras de proyectos destacados Asesorías Retroalimentación sumativa Rúbricas Heteroevaluación Socialización de trabajos de clase Socialización de actividades de evaluación.
A80: =_xlfn.XLOOKUP(B80,'Paso 3 Redacción RA '!I$3:I$21,'Paso 3 Redacción RA '!C$3:C$21,,0,1) -> Saberser | B80: Determina los recursos técnicos, visuales y conceptuales necesarios para generar artefactos de diseño funcionales y accesibles, a partir del análisis del problema y el contexto de aplicación.
A81: =_xlfn.XLOOKUP(B81,'Paso 3 Redacción RA '!I$3:I$21,'Paso 3 Redacción RA '!C$3:C$21,,0,1) -> Saberhacer | B81: Explora las posibilidades expresivas de las herramientas y los medios tecnológicos para generar soluciones en contextos de diseño.
A82: =_xlfn.XLOOKUP(B82,'Paso 3 Redacción RA '!I$3:I$21,'Paso 3 Redacción RA '!C$3:C$21,,0,1) -> Saber | B82: Analiza las variables relacionadas con las necesidades del contexto y el usuario para tomar decisiones de diseño.
A83: =_xlfn.XLOOKUP(B83,'Paso 3 Redacción RA '!I$3:I$21,'Paso 3 Redacción RA '!C$3:C$21,,0,1) -> Saber | B83: Interpreta tendencias de la moda para diseñar productos gráficos acordes a su contexto de aplicación.
A84: =_xlfn.XLOOKUP(B84,'Paso 3 Redacción RA '!I$3:I$21,'Paso 3 Redacción RA '!C$3:C$21,,0,1) -> Saber | B84: Relaciona estrategias de comunicación visual con las necesidades de diseño para tomar decisiones en procesos creativos. | C84: 4 | D84: Técnicas de Ilustración | E84: Aplica diversas técnicas, materiales y medios en la realización de ilustraciones para expresar gráficamente ideas y conceptos visuales. Interpreta conceptos, narrativas y/o ideas para el desarrollo de ilustraciones en proyectos de diseño. Reconoce los diversos medios de la comunicación visual para aplicar elementos conceptuales y narrativos acordes con los requerimiento de una ilustración. | F84: TP | H84: X | J84: 3 | K84: =16*J84 -> 48 | L84: =32*J84 -> 96 | M84: =SUM(K84:L90) -> 144 | N84: 1. Bocetación y objetivo 2. Recursos e ideas 3. Elementos conceptuales y función 4. Producción de la idea | O84: Trabajo directo Clase magistral activa Talleres individuales y grupales Exposiciones Trabajo independiente Trabajo de campo Lecturas Proyectos | P84: Las estrategias pueden variar entre las siguientes u otras que puedan ser pertinentes para el proceso de aprendizaje. Evaluación formativa: Resolución de problemas Proyectos Sustentación de proyectos Evaluación sumativa: Presentación y sustentación de proyectos Piezas gráficas Exposiciones grupales Foros Evaluación escrita | Q84: Las acciones de retroalimentación giran en torno a las siguientes. Formar: donde se crean las condiciones para que los estudiantes adquieran conocimientos, habilidades, actitudes, aptitudes y destrezas. Además, debe promover su desarrollo integral y debe acompañarlos en las situaciones académicas que enfrenten durante el desarrollo de un módulo o una asignatura. Informar: para que los estudiantes identifiquen los cambios que pueden afectarlos directa o indirectamente tanto en el aula de clase como en otros espacios. Prevenir: con el fin de anticiparse a las situaciones académicas que pueden representar dificultad para los estudiantes. Esto se logra a través de la interacción individual con los estudiantes y del completo conocimiento del contexto educativo en que el tutor se desenvuelve. Ayudar a decidir: donde se orienta a los estudiantes para que tomen la mejor decisión ante una situación concreta. El objetivo es que el estudiante fortalezca su autonomía y la toma de decisiones responsable. Retroalimentación formativa Autoevaluación/Coevaluación. Muestras de proyectos destacados Asesorías Retroalimentación sumativa Rúbricas Heteroevaluación Socialización de trabajos de clase Socialización de actividades de evaluación.
A85: =_xlfn.XLOOKUP(B85,'Paso 3 Redacción RA '!I$3:I$21,'Paso 3 Redacción RA '!C$3:C$21,,0,1) -> Saberhacer | B85: Diseña artefactos visuales, en diversos medios y formatos, para desarrollar proyectos que respondan de manera funcional a las necesidades del usuario y de la estrategia de comunicación definida.
A86: =_xlfn.XLOOKUP(B86,'Paso 3 Redacción RA '!I$3:I$21,'Paso 3 Redacción RA '!C$3:C$21,,0,1) -> Saberser | B86: Determina los recursos técnicos, visuales y conceptuales necesarios para generar artefactos de diseño funcionales y accesibles, a partir del análisis del problema y el contexto de aplicación.
A87: =_xlfn.XLOOKUP(B87,'Paso 3 Redacción RA '!I$3:I$21,'Paso 3 Redacción RA '!C$3:C$21,,0,1) -> Saber | B87: Identifica dispositivos, herramientas y plataformas tecnológicas para determinar sus posibilidades de uso en proyectos de diseño.
A88: =_xlfn.XLOOKUP(B88,'Paso 3 Redacción RA '!I$3:I$21,'Paso 3 Redacción RA '!C$3:C$21,,0,1) -> Saberhacer | B88: Explora las posibilidades expresivas de las herramientas y los medios tecnológicos para generar soluciones en contextos de diseño.
A89: =_xlfn.XLOOKUP(B89,'Paso 3 Redacción RA '!I$3:I$21,'Paso 3 Redacción RA '!C$3:C$21,,0,1) -> Saber | B89: Analiza las variables relacionadas con las necesidades del contexto y el usuario para tomar decisiones de diseño.
A90: =_xlfn.XLOOKUP(B90,'Paso 3 Redacción RA '!I$3:I$21,'Paso 3 Redacción RA '!C$3:C$21,,0,1) -> Saber | B90: Interpreta tendencias de la moda para diseñar productos gráficos acordes a su contexto de aplicación.
A91: =_xlfn.XLOOKUP(B91,'Paso 3 Redacción RA '!I$3:I$21,'Paso 3 Redacción RA '!C$3:C$21,,0,1) -> Saber | B91: Relaciona estrategias de comunicación visual con las necesidades de diseño para tomar decisiones en procesos creativos. | C91: 4 | D91: Modelado 3D | E91: Reconoce los recursos y herramientas digitales para desarrollar proyectos con modelos tridimensionales. Estructura conceptos e ideas para construir modelos tridimensionales. | F91: TP | H91: X | J91: 4 | K91: =16*J91 -> 64 | L91: =32*J91 -> 128 | M91: =SUM(K91:L97) -> 192 | N91: 1. Contexto del trabajo tridimensional 2. Fundamentos del modelado 3D 3. Polígonos 4. Construcciones basadas en polígonos | O91: Trabajo directo Clase magistral activa Talleres individuales Trabajo con herramientas digitales Trabajo independiente Proyectos Lecturas Resolución de problemas Uso de herramientas computacionales | P91: Las estrategias pueden variar entre las siguientes u otras que puedan ser pertinentes para el proceso de aprendizaje. Evaluación formativa: Resolución de problemas Proyectos Uso de herramientas digitales Talleres Sustentación de proyectos Evaluación sumativa: Taller Presentación y sustentación de proyectos Piezas gráficas | Q91: Las acciones de retroalimentación giran en torno a las siguientes. Formar: donde se crean las condiciones para que los estudiantes adquieran conocimientos, habilidades, actitudes, aptitudes y destrezas. Además, debe promover su desarrollo integral y debe acompañarlos en las situaciones académicas que enfrenten durante el desarrollo de un módulo o una asignatura. Informar: para que los estudiantes identifiquen los cambios que pueden afectarlos directa o indirectamente tanto en el aula de clase como en otros espacios. Prevenir: con el fin de anticiparse a las situaciones académicas que pueden representar dificultad para los estudiantes. Esto se logra a través de la interacción individual con los estudiantes y del completo conocimiento del contexto educativo en que el tutor se desenvuelve. Ayudar a decidir: donde se orienta a los estudiantes para que tomen la mejor decisión ante una situación concreta. El objetivo es que el estudiante fortalezca su autonomía y la toma de decisiones responsable. Retroalimentación formativa Autoevaluación/Coevaluación. Muestras de proyectos destacados Asesorías Retroalimentación sumativa Rúbricas Heteroevaluación Socialización de trabajos de clase Socialización de actividades de evaluación.
A92: =_xlfn.XLOOKUP(B92,'Paso 3 Redacción RA '!I$3:I$21,'Paso 3 Redacción RA '!C$3:C$21,,0,1) -> Saberhacer | B92: Diseña artefactos visuales, en diversos medios y formatos, para desarrollar proyectos que respondan de manera funcional a las necesidades del usuario y de la estrategia de comunicación definida.
A93: =_xlfn.XLOOKUP(B93,'Paso 3 Redacción RA '!I$3:I$21,'Paso 3 Redacción RA '!C$3:C$21,,0,1) -> Saberser | B93: Determina los recursos técnicos, visuales y conceptuales necesarios para generar artefactos de diseño funcionales y accesibles, a partir del análisis del problema y el contexto de aplicación.
A94: =_xlfn.XLOOKUP(B94,'Paso 3 Redacción RA '!I$3:I$21,'Paso 3 Redacción RA '!C$3:C$21,,0,1) -> Saber | B94: Identifica dispositivos, herramientas y plataformas tecnológicas para determinar sus posibilidades de uso en proyectos de diseño.
A95: =_xlfn.XLOOKUP(B95,'Paso 3 Redacción RA '!I$3:I$21,'Paso 3 Redacción RA '!C$3:C$21,,0,1) -> Saberhacer | B95: Explora las posibilidades expresivas de las herramientas y los medios tecnológicos para generar soluciones en contextos de diseño.
A96: =_xlfn.XLOOKUP(B96,'Paso 3 Redacción RA '!I$3:I$21,'Paso 3 Redacción RA '!C$3:C$21,,0,1) -> Saber | B96: Analiza las variables relacionadas con las necesidades del contexto y el usuario para tomar decisiones de diseño.
A97: =_xlfn.XLOOKUP(B97,'Paso 3 Redacción RA '!I$3:I$21,'Paso 3 Redacción RA '!C$3:C$21,,0,1) -> Saber | B97: Interpreta tendencias de la moda para diseñar productos gráficos acordes a su contexto de aplicación.
A98: =_xlfn.XLOOKUP(B98,'Paso 3 Redacción RA '!I$3:I$21,'Paso 3 Redacción RA '!C$3:C$21,,0,1) -> Saber | B98: Relaciona estrategias de comunicación visual con las necesidades de diseño para tomar decisiones en procesos creativos. | C98: 4 | D98: Historia del Diseño Gráfico | E98: Identifica los diferentes contextos históricos y sus vínculos con los procesos de creación objetual como sustento para el desarrollo de proyectos de diseño. Interpreta los principales referentes históricos del diseño gráfico para conceptualizarlos a través de proyectos visuales. | F98: TP | H98: X | J98: 3 | K98: =16*J98 -> 48 | L98: =32*J98 -> 96 | M98: =SUM(K98:L103) -> 144 | N98: 1. La comunicación visual y los antecedentes del diseño gráfico 2. Configuración de la sociedad industrial y consolidación del diseño como disciplina moderna 3. Estilos y escuelas modernas de diseño 4. El diseño y su relación con otros campos en el mundo contemporáneo | O98: Trabajo directo: Clases magistrales Análisis de imágenes Trabajo de campo Foros de discusión Trabajo independiente: Lecturas Análisis de imágenes Trabajo de campo Foros de discusión | P98: Las estrategias pueden variar entre las siguientes u otras que puedan ser pertinentes para el proceso de aprendizaje. Evaluación formativa: Exposiciones grupales Trabajo colaborativo Actividades para desarrollar el pensamiento crítico Evaluación sumativa: Exposiciones grupales Actividades para desarrollar el pensamiento crítico (foros) Trabajos escritos | Q98: Las acciones de retroalimentación giran en torno a las siguientes. Formar: donde se crean las condiciones para que los estudiantes adquieran conocimientos, habilidades, actitudes, aptitudes y destrezas. Además, debe promover su desarrollo integral y debe acompañarlos en las situaciones académicas que enfrenten durante el desarrollo de un módulo o una asignatura. Informar: para que los estudiantes identifiquen los cambios que pueden afectarlos directa o indirectamente tanto en el aula de clase como en otros espacios. Prevenir: con el fin de anticiparse a las situaciones académicas que pueden representar dificultad para los estudiantes. Esto se logra a través de la interacción individual con los estudiantes y del completo conocimiento del contexto educativo en que el tutor se desenvuelve. Ayudar a decidir: donde se orienta a los estudiantes para que tomen la mejor decisión ante una situación concreta. El objetivo es que el estudiante fortalezca su autonomía y la toma de decisiones responsable. Retroalimentación formativa y sumativa. - Autoevaluación / Coevaluación. - Observación. - Heteroevaluación. - Socialización de trabajos de clases. - Socialización de actividades de evaluación.
A99: =_xlfn.XLOOKUP(B99,'Paso 3 Redacción RA '!I$3:I$21,'Paso 3 Redacción RA '!C$3:C$21,,0,1) -> Saberhacer | B99: Diseña artefactos visuales, en diversos medios y formatos, para desarrollar proyectos que respondan de manera funcional a las necesidades del usuario y de la estrategia de comunicación definida.
A100: =_xlfn.XLOOKUP(B100,'Paso 3 Redacción RA '!I$3:I$21,'Paso 3 Redacción RA '!C$3:C$21,,0,1) -> Saberser | B100: Determina los recursos técnicos, visuales y conceptuales necesarios para generar artefactos de diseño funcionales y accesibles, a partir del análisis del problema y el contexto de aplicación.
...

Sheet Taxonomía para competencias
B1: Verbos Competencias
B2: Actualizar
B3: Administrar
B4: Asegurar
B5: Asesorar
B6: Auditar
B7: Comunicar
B8: Conducir
B9: Conocer
B10: Coordinar
B11: Definir
B12: Desarrollar
... B39: Aplicar

Sheet Taxonomias para RA
S1: Taxonomía de Bloom Adaptada bajo las ideas de Anderson y Krathwohl | AL1: Taxonomía de Bloom adaptada bajo las ideas de Anderson y Krathwohl (AK) | BB1: Taxonomía de Bloom adaptada bajo las ideas de Marzano y Kendal (MK)
L2: Taxonomía de Bloom | S2: Cognitivo(BAK) | Y2: Procedimental(BAK) | AC2: Actitudinal(BAK)
A3: Taxonomías | C3: BAK | D3: AK | E3: MK | G3: CognitivoB | H3: ProcedimentalB | I3: ActitudinalB | L3: ConocimientoB | M3: ComprensiónB | N3: AplicaciónB | O3: AnálisisB | P3: SíntesisB | Q3: EvaluaciónB | S3: ConocimientoBAK | T3: ComprensiónBAK | U3: AplicaciónBAK | V3: AnálisisBAK | W3: SíntesisBAK | X3: EvaluaciónBAK | Y3: ImitaciónBAK | Z3: ManipulaciónBAK | AA3: PrecisiónBAK | AB3: ControlBAK | AC3: PercepciónBAK | AD3: ResponderBAK | AE3: ValorarBAK | AF3: OrganizarBAK | AG3: CaracterizarBAK | AL3: CognitivoInf(AK) | AO3: CognitivoSup(AK) | AR3: Procedimental(AK) | AV3: Actitudinal(AK)
A4: Bloom | C4: CognitivoBAK | D4: HechosAK | E4: InformaciónMK | G4: ConocimientoB | H4: ConocimientoB | I4: ConocimientoB | L4: Adquirir | M4: Auditar | N4: Aplicar | O4: Aislar | P4: Adaptar | Q4: Aconsejar | S4: Adquirir | T4: Auditar | U4: Aplicar | V4: Aislar | W4: Adaptar | X4: Aconsejar | Y4: Ajustar | Z4: Direccionar | AA4: Disponer | AB4: Remover | AC4: Hacer | AD4: Aprobar | AE4: Adoptar | AF4: Extraer | AG4: Negociar | AL4: RecordarLK | AM4: ComprenderLK | AN4: AplicarLK | AO4: AnalizarLK | AP4: EvaluarLK | AQ4: CrearLK | AR4: ImitaciónBAK | AS4: ManipulaciónBAK | AT4: PrecisiónBAK | AU4: ControlBAK | AV4: PercepciónBAK | AW4: ResponderBAK | AX4: ValorarBAK | AY4: OrganizarBAK | AZ4: CaracterizarBAK | BB4: RecuperaciónMK | BC4: ComprensiónMK | BD4: AnálisisMK | BE4: UsoConocimientoMK | BF4: MetacogniciónMK | BG4: SistemadelYoMK
A5: BAK | C5: ProcedimentalBAK | D5: ConceptosAK | E5: ProcesosMentalesMK | G5: ComprensiónB | H5: ComprensiónB | I5: ComprensiónB | L5: Buscar | M5: Bosquejar | N5: Calisificar | O5: Analizar | P5: Administrar | Q5: Adjuntar | S5: Buscar | T5: Bosquejar | U5: Calisificar | V5: Analizar | W5: Administrar | X5: Adjuntar | Y5: Adaptar | Z5: Desmontar | AA5: Planear | AB5: Quitar | AC5: Conducir | AD5: Autorizar | AE5: Aprobar | AF5: Resumir | AG5: Ofrecer | AL5: Afirmar | AM5: Clasificar | AN5: Actuar | AO5: Agrupar | AP5: Adaptar | AQ5: Desarrollar | AR5: Ajustar | AS5: Direccionar | AT5: Disponer | AU5: Remover | AV5: Hacer | AW5: Aprobar | AX5: Adoptar | AY5: Extraer | AZ5: Negociar | BB5: Afirmar | BC5: Auditar | BD5: Agrupar | BE5: Actuar | BF5: Aceptar | BG5: Aceptar
A6: AK | C6: ActitudinalBAK | D6: ProcedimientoslAK | E6: PsicomotorMK | G6: AplicaciónB | H6: AplicaciónB | I6: AplicaciónB | L6: Citar | M6: Comentar | N6: Combinar | O6: Calcular | P6: Arreglar | Q6: Agregar | S6: Citar | T6: Comentar | U6: Combinar | V6: Calcular | W6: Arreglar | X6: Agregar | Y6: Modificar | Z6: Dramatizar | AA6: Apalancar | AB6: Suprimir | AC6: Dirigir | AD6: Demostrar | AE6: Aceptar | AF6: Promover | AG6: Conducir | AL6: Citar | AM6: Comparar | AN6: Agrupar | AO6: Aislar | AP6: Añadir | AQ6: Elaborar | AR6: Adaptar | AS6: Desmontar | AT6: Planear | AU6: Quitar | AV6: Conducir | AW6: Autorizar | AX6: Aprobar | AY6: Resumir | AZ6: Ofrecer | BB6: Citar | BC6: Bosquejar | BD6: Aislar | BE6: Agrupar | BF6: Adelantar | BG6: Adoptar
A7: MK | D7: MetacogniciónAK | G7: AnálisisB | H7: AnálisisB | I7: AnálisisB | L7: Consignar | M7: Comunicar | N7: Componer | O7: Categorizar | P7: Arreglar | Q7: Alinear | S7: Consignar | T7: Comunicar | U7: Componer | V7: Categorizar | W7: Arreglar | X7: Alinear | Y7: Concretar | Z7: Docificar | AA7: Levantar | AB7: Eliminar | AC7: Direccionar | AD7: Afirmar | AE7: Afirmar | AF7: Adelantar | AG7: Comportarse bajo condiciones | AL7: Copiar | AM7: Contrastar | AN7: Calcular | AO7: Asumir | AP7: Apoyar | AQ7: Maximizar | AR7: Modificar | AS7: Dramatizar | AT7: Apalancar | AU7: Suprimir | AV7: Dirigir | AW7: Demostrar | AX7: Aceptar | AY7: Promover | AZ7: Conducir | BB7: Copiar | BC7: Clasificar | BD7: Analizar | BE7: Aplicar | BF7: Adoptar | BG7: Afinar
G8: SíntesisB | H8: SíntesisB | I8: SíntesisB | L8: Decir | M8: Convertir | N8: Conducir | O8: Comparar | P8: Articular | Q8: Arbitrar | S8: Decir | T8: Convertir | U8: Conducir | V8: Comparar | W8: Articular | X8: Arbitrar | Y8: Asegurar | Z8: Dibujar | AA8: Estimular | AB8: Retirar | AC8: Aplicar | AD8: Asegurar | AE8: Ratificar | AF8: Fomentar | AG8: Completar | AL8: Decir | AM8: Demostrar | AN8: Categorizar | AO8: Buscar similitudes | AP8: Argumentar | AQ8: Mejorar | AR8: Concretar | AS8: Docificar | AT8: Levantar | AU8: Eliminar | AV8: Direccionar | AW8: Afirmar | AX8: Afirmar | AY8: Adelantar | AZ8: Comportarse bajo condiciones | BB8: Decir | BC8: Comentar | BD8: Aplicar | BE8: Calcular | BF8: Afinar | BG8: Agradecer
G9: EvaluaciónB | H9: EvaluaciónB | I9: EvaluaciónB | L9: Definir | M9: Criticar | N9: Construir | O9: Considerar | P9: Aumentar | Q9: Asegurar | S9: Definir | T9: Criticar | U9: Construir | V9: Considerar | W9: Aumentar | X9: Asegurar | Y9: Alinear | Z9: Trazar | AA9: Localizar | AB9: Extirpar | AC9: Manejar | AD9: Hacer | AE9: Apreciar | AF9: Anticipar | AG9: Afinar | AL9: Definir | AM9: Discutir | AN9: Conectar | AO9: Categorizar | AP9: Cambiar | AQ9: Minimizar | AR9: Asegurar | AS9: Dibujar | AT9: Estimular | AU9: Retirar | AV9: Aplicar | AW9: Asegurar | AX9: Ratificar | AY9: Fomentar | AZ9: Completar | BB9: Definir | BC9: Comparar | BD9: Asumir | BE9: Calisificar | BF9: Afirmar | BG9: Ambicionar
L10: Deletrear | M10: Dar ejemplos | N10: Demostrar | O10: Contrastar | P10: Calcular | Q10: Asesorar | S10: Deletrear | T10: Dar ejemplos | U10: Demostrar | V10: Contrastar | W10: Calcular | X10: Asesorar | Y10: Analizar | Z10: Hacer | AA10: Ubicar | AB10: Disipar | AC10: Guiar | AD10: Comunicar | AE10: Comprender | AF10: Proponer | AG10: Acabar | AL10: Deletrear | AM10: Ejemplificar | AN10: Construir | AO10: Centrarse | AP10: Combinar | AQ10: Modelar | AR10: Alinear | AS10: Trazar | AT10: Localizar | AU10: Extirpar | AV10: Manejar | AW10: Hacer | AX10: Apreciar | AY10: Anticipar | AZ10: Afinar | BB10: Deletrear | BC10: Comunicar | BD10: Buscar similitudes | BE10: Categorizar | BF10: Agradecer | BG10: Anhelar
G11: CognitivoAK | H11: ConceptosAK | I11: ProcedimientosAK | J11: MetacogniciónAK | L11: Demostrar | M11: Debatir | N11: Determinar | O11: Criticar | P11: Componer | Q11: Atar | S11: Demostrar | T11: Debatir | U11: Determinar | V11: Criticar | W11: Componer | X11: Atar | Y11: Aplicar | Z11: Extraer | AA11: Encontrar | AB11: Hacer | AC11: Realizar | AD11: Hablar | AE11: Agradecer | AF11: Defender | AG11: Terminar | AL11: Duplicar | AM11: Esquematizar | AN11: Demostrar | AO11: Comparar | AP11: Comparar | AQ11: Pensar | AR11: Analizar | AS11: Hacer | AT11: Ubicar | AU11: Disipar | AV11: Guiar | AW11: Comunicar | AX11: Comprender | AY11: Proponer | AZ11: Acabar | BB11: Duplicar | BC11: Contrastar | BD11: Calcular | BE11: Combinar | BF11: Ambicionar | BG11: Anticipar
G12: RecordarAK | H12: RecordarAK | I12: RecordarAK | J12: RecordarAK | L12: Describir | M12: Describir | N12: Dibujar | O12: Cuestionar | P12: Computar | Q12: Calcular | S12: Describir | T12: Describir | U12: Dibujar | V12: Cuestionar | W12: Computar | X12: Calcular | Y12: Arreglar | Z12: Perforar | AA12: Colocar | AB12: Reproducir | AC12: Emplear | AD12: Discutir | AE12: Estimar | AF12: Proteger | AG12: Contextualizar | AL12: Elegir | AM12: Explicar | AN12: Desarrollar | AO12: Correlacionar | AP12: Compilar | AQ12: Planear | AR12: Aplicar | AS12: Extraer | AT12: Encontrar | AU12: Hacer | AV12: Realizar | AW12: Hablar | AX12: Agradecer | AY12: Defender | AZ12: Terminar | BB12: Elegir | BC12: Convertir | BD12: Calisificar | BE12: Componer | BF12: Anhelar | BG12: Apreciar
G13: ComprenderAK | H13: ComprenderAK | I13: ComprenderAK | J13: ComprendeAK | L13: Elegir | M13: Desplegar | N13: Discriminar | O13: Debatir | P13: Concluir | Q13: Calificar | S13: Elegir | T13: Desplegar | U13: Discriminar | V13: Debatir | W13: Concluir | X13: Calificar | Y13: Organizar | Z13: Ejercitar | AA13: Establecer | AB13: Traducir | AC13: Aceptar | AD13: Cooperar | AE13: Tasar | AF13: Definir | AG13: Cooperar | AL13: Escribir | AM13: Expresar | AN13: Dramatizar | AO13: Descomponer | AP13: Componer | AQ13: Proponer | AR13: Arreglar | AS13: Perforar | AT13: Colocar | AU13: Reproducir | AV13: Emplear | AW13: Discutir | AX13: Estimar | AY13: Proteger | AZ13: Contextualizar | BB13: Escribir | BC13: Criticar | BD13: Categorizar | BE13: Conducir | BF13: Anticipar | BG13: Aprobar
G14: AplicarAK | H14: AplicarAK | I14: AplicarAK | J14: AplicarAK | L14: Enseñar | M14: Dibujar | N14: Diseñar | O14: Deducir | P14: Conectar | Q14: Censurar | S14: Enseñar | T14: Dibujar | U14: Diseñar | V14: Deducir | W14: Conectar | X14: Censurar | Y14: Ordenar | Z14: Enseñar | AA14: Hallar | AB14: Entregar | AC14: Admitir | AD14: Colaborar | AE14: Aspirar | AF14: Determinar | AG14: Colaborar | AL14: Leer | AM14: Generalizar | AN14: Elegir | AO14: Diferenciar | AP14: Construir | AQ14: Reescribir | AR14: Organizar | AS14: Ejercitar | AT14: Establecer | AU14: Traducir | AV14: Aceptar | AW14: Cooperar | AX14: Tasar | AY14: Definir | AZ14: Cooperar | BB14: Leer | BC14: Dar ejemplos | BD14: Centrarse | BE14: Conectar | BF14: Apoyar | BG14: Asistir
G15: AnalizarAK | H15: AnalizarAK | I15: AnalizarAK | J15: AnalizarAK | L15: Escribir | M15: Discutir | N15: Dramatizar | O15: Desarrollar | P15: Construir | Q15: Clasificar | S15: Escribir | T15: Discutir | U15: Dramatizar | V15: Desarrollar | W15: Construir | X15: Clasificar | Y15: Disponer | Z15: Conducir | AA15: Situar | AB15: Conducir | AC15: Evaluar | AD15: Actuar recíprocamente | AE15: Ambicionar | AF15: Considerar | AG15: Discriminar | AL15: Listar | AM15: Ilustrar | AN15: Emplear | AO15: Distinguir | AP15: Convencer | AQ15: Simplificar | AR15: Ordenar | AS15: Enseñar | AT15: Hallar | AU15: Entregar | AV15: Admitir | AW15: Colaborar | AX15: Aspirar | AY15: Determinar | AZ15: Colaborar | BB15: Listar | BC15: Debatir | BD15: Combinar | BE15: Construir | BF15: Apreciar | BG15: Aspirar
G16: EvaluarAK | H16: EvaluarAK | I16: EvaluarAK | J16: EvaluarAK | L16: Establecer | M16: Diseñar | N16: Duplicar | O16: Detectar | P16: Crear | Q16: Computar | S16: Establecer | T16: Diseñar | U16: Duplicar | V16: Detectar | W16: Crear | X16: Computar | Y16: Acordar | Z16: Dirigir | AA16: Bajar | AB16: Direccionar | AC16: Valorar | AD16: Obrar recíprocamente | AE16: Anhelar | AF16: Discernir | AG16: Distinguir | AL16: Localizar | AM16: Inferir | AN16: Enseñar | AO16: Dividir | AP16: Crear | AQ16: Suponer | AR16: Disponer | AS16: Conducir | AT16: Situar | AU16: Conducir | AV16: Evaluar | AW16: Actuar recíprocamente | AX16: Ambicionar | AY16: Considerar | AZ16: Discriminar | BB16: Localizar | BC16: Demostrar | BD16: Comparar | BE16: Demostrar | BF16: Aprobar | BG16: Atender
G17: CrearAK | H17: CrearAK | I17: CrearAK | J17: CrearAK | L17: Etiquetar | M17: Establecer | N17: Elegir | O17: Diagramar | P17: Decidir | Q17: Concluir | S17: Etiquetar | T17: Establecer | U17: Elegir | V17: Diagramar | W17: Decidir | X17: Concluir | Y17: Gestionar | Z17: Manejar | AA17: Manipular | AB17: Reparar | AC17: Apreciar | AD17: Recitar | AE17: Creer | AF17: Percibir | AG17: Categorizar | AL17: Memorizar | AM17: Informar | AN17: Entrevistar | AO17: Elegir | AP17: Criticar | AQ17: Sustituir | AR17: Acordar | AS17: Dirigir | AT17: Bajar | AU17: Direccionar | AV17: Valorar | AW17: Obrar recíprocamente | AX17: Anhelar | AY17: Discernir | AZ17: Distinguir | BB17: Memorizar | BC17: Describir | BD17: Componer | BE17: Desarrollar | BF17: Arreglar | BG17: Categorizar
L18: Examinar | M18: Examinar | N18: Emparejar | O18: Diferenciar | P18: Deducir | Q18: Conformar | S18: Examinar | T18: Examinar | U18: Emparejar | V18: Diferenciar | W18: Deducir | X18: Conformar | Y18: Armar | Z18: Guiar | AA18: Manejar | AB18: Componer | AC18: Tasar | AD18: Decir | AE18: Ser partidario de | AF18: Identificar | AG18: Juzgar | AL18: Mostrar | AM18: Interpretar | AN18: Hacer uso | AO18: Encontrar | AP18: Debatir | AQ18: Teorizar | AR18: Gestionar | AS18: Manejar | AT18: Manipular | AU18: Reparar | AV18: Apreciar | AW18: Recitar | AX18: Creer | AY18: Percibir | AZ18: Categorizar | BB18: Mostrar | BC18: Desplegar | BD18: Conducir | BE18: Determinar | BF18: Asistir | BG18: Clasificar
G19: InformaciónMK | H19: ProcesosMentalesMK | I19: PsicomotorMK | L19: Examinar | M19: Explicar | N19: Emplear | O19: Discernir | P19: Derivar | Q19: Constrastar | S19: Examinar | T19: Explicar | U19: Emplear | V19: Discernir | W19: Derivar | X19: Constrastar | Y19: Ensamblar | Z19: Examinar | AA19: Medir | AB19: Reemplazar | AC19: Estimar | AD19: Enumerar | AE19: Cuidar | AF19: Reconocer | AG19: Participar | AL19: Nombrar | AM19: Mostrar | AN19: Identificar | AO19: Encuestar | AP19: Decidir | AQ19: Testar | AR19: Armar | AS19: Guiar | AT19: Manejar | AU19: Componer | AV19: Tasar | AW19: Decir | AX19: Ser partidario de | AY19: Identificar | AZ19: Juzgar | BB19: Nombrar | BC19: Dibujar | BD19: Considerar | BE19: Dibujar | BF19: Aspirar | BG19: Completar
G20: RecuperaciónMK | H20: RecuperaciónMK | I20: RecuperaciónMK | L20: Grabar | M20: Exponer | N20: Esquematizar | O20: Discriminar | P20: Desarrollar | Q20: Contabilizar | S20: Grabar | T20: Exponer | U20: Esquematizar | V20: Discriminar | W20: Desarrollar | X20: Contabilizar | Y20: Reunir | Z20: Ejecutar | AA20: Racionar | AB20: Sustituir | AC20: Preguntar | AD20: Narrar | AE20: Atender | AF20: Formular | AG20: Atender | AL20: Observar | AM20: Observar | AN20: Interpretar | AO20: Establecer | AP20: Deducir | AQ20: Transformar | AR20: Ensamblar | AS20: Examinar | AT20: Medir | AU20: Reemplazar | AV20: Estimar | AW20: Enumerar | AX20: Cuidar | AY20: Reconocer | AZ20: Participar | BB20: Observar | BC20: Discutir | BD20: Construir | BE20: Discriminar | BF20: Atender | BG20: Comprender
G21: ComprensiónMK | H21: ComprensiónMK | I21: ComprensiónMK | L21: Hacer | M21: Expresar | N21: Estimar | O21: Distinguir | P21: Describir | Q21: Controlar | S21: Hacer | T21: Expresar | U21: Estimar | V21: Distinguir | W21: Describir | X21: Controlar | Y21: Construir | Z21: Explorar | AA21: Separer | AB21: Reponer | AC21: Interrogar | AD21: Referir | AE21: Asistir | AF21: Arreglar | AG21: Servir | AL21: Omitir | AM21: Parafrasear | AN21: Manipular | AO21: Examinar | AP21: Defender | AQ21: Visualizar | AR21: Reunir | AS21: Ejecutar | AT21: Racionar | AU21: Sustituir | AV21: Preguntar | AW21: Narrar | AX21: Atender | AY21: Formular | AZ21: Atender | BB21: Omitir | BC21: Diseñar | BD21: Contrastar | BE21: Diseñar | BF21: Aunar | BG21: Conducir
G22: AnálisisMK | H22: AnálisisMK | I22: AnálisisMK | L22: Identificar | M22: Extraer | N22: Estructurar | O22: Estructurar | P22: Desempeñar | Q22: Corregir | S22: Identificar | T22: Extraer | U22: Estructurar | V22: Estructurar | W22: Desempeñar | X22: Corregir | Y22: Edificar | Z22: Expresar | AA22: Dividir | AB22: Colocar | AC22: Publicar | AD22: Resolver | AE22: Preocuparse de o por | AF22: Preguntar | AG22: Cumplir | AL22: Rastrear | AM22: Predecir | AN22: Organizar | AO22: Inferir | AP22: Demostrar | AR22: Construir | AS22: Explorar | AT22: Separer | AU22: Reponer | AV22: Interrogar | AW22: Referir | AX22: Asistir | AY22: Arreglar | AZ22: Servir | BB22: Parafrasear | BC22: Ejemplificar | BD22: Correlacionar | BE22: Dramatizar | BF22: Categorizar | BG22: Conectar
G23: UsoConocimientoMK | H23: UsoConocimientoMK | I23: UsoConocimientoMK | L23: Ilustrar | M23: Generalizar | N23: Estructurar | O23: Examinar | P23: Dirigir | Q23: Criticar | S23: Ilustrar | T23: Generalizar | U23: Estructurar | V23: Examinar | W23: Dirigir | X23: Criticar | Y23: Hacer | Z23: Encajar | AA23: Repartir | AB23: Ubicar | AC23: Asisitir | AD23: Acordar | AE23: Elegir | AF23: Cuestionar | AG23: Ejercer | AL23: Recitar | AM23: Preguntar | AN23: Planear | AO23: Inspeccionar | AP23: Descubrir | AR23: Edificar | AS23: Expresar | AT23: Dividir | AU23: Colocar | AV23: Publicar | AW23: Resolver | AX23: Preocuparse de o por | AY23: Preguntar | AZ23: Cumplir | BB23: Rastrear | BC23: Esquematizar | BD23: Criticar | BE23: Duplicar | BF23: Clasificar | BG23: Considerar
G24: MetacogniciónMK | H24: MetacogniciónMK | I24: MetacogniciónMK | L24: Listar | M24: Hacer | N24: Evaluar | O24: Experimentar | P24: Diseñar | Q24: Cuestionar | S24: Listar | T24: Hacer | U24: Evaluar | V24: Experimentar | W24: Diseñar | X24: Cuestionar | Y24: Trazar | Z24: Ajustar | AA24: Mezclar | AB24: Ejecutar | AC24: Atender | AD24: Seleccionar | AE24: Seleccionar | AF24: Relacionar | AG24: Entregar | AL24: Reconocer | AM24: Relacionar | AN24: Practicar | AO24: Investigar | AP24: Diseñar | AR24: Hacer | AS24: Encajar | AT24: Repartir | AU24: Ubicar | AV24: Asisitir | AW24: Acordar | AX24: Elegir | AY24: Cuestionar | AZ24: Ejercer | BB24: Recitar | BC24: Establecer | BD24: Cuestionar | BE24: Elegir | BF24: Colaborar | BG24: Constatar
G25: SistemadelYoMK | H25: SistemadelYoMK | I25: SistemadelYoMK | L25: Mostar | M25: Identificar | N25: Experimentar | O25: Inspeccionar | P25: Ejercer | Q25: Culminar | S25: Mostar | T25: Identificar | U25: Experimentar | V25: Inspeccionar | W25: Ejercer | X25: Culminar | Y25: Preparar | Z25: Acceder | AA25: Porcionar | AB25: Correr | AC25: Servir | AD25: Elegir | AE25: Escoger | AF25: Conectar | AG25: Apoyar | AL25: Relacionar | AM25: Resumir | AN25: Resolver | AO25: Motivar | AP25: Estimar | AR25: Trazar | AS25: Ajustar | AT25: Mezclar | AU25: Ejecutar | AV25: Atender | AW25: Seleccionar | AX25: Seleccionar | AY25: Relacionar | AZ25: Entregar | BB25: Reconocer | BC25: Examinar | BD25: Debatir | BE25: Emparejar | BF25: Compartir | BG25: Contextualizar
L26: Nombrar | M26: Indicar | N26: Ilustrar | O26: Inventariar | P26: Ensamblar | Q26: Debatir | S26: Nombrar | T26: Indicar | U26: Ilustrar | V26: Inventariar | W26: Ensamblar | X26: Debatir | Y26: Cambiar | Z26: Arreglar | AA26: Modificar | AB26: Llevar | AC26: Ocupar | AD26: Escoger | AE26: Clasificar | AF26: Relatar | AG26: Soportar | AL26: Relacionar | AM26: Revisar | AN26: Resumir | AO26: Observar | AP26: Evaluar | AR26: Preparar | AS26: Acceder | AT26: Porcionar | AU26: Correr | AV26: Servir | AW26: Elegir | AX26: Escoger | AY26: Conectar | AZ26: Apoyar | BB26: Relacionar | BC26: Explicar | BD26: Deducir | BE26: Emplear | BF26: Completar | BG26: Cuestionar
L27: Numerar | M27: Inferir | N27: Indicar | O27: Investigar | P27: Escribir | Q27: Decidir | S27: Numerar | T27: Inferir | U27: Indicar | V27: Investigar | W27: Escribir | X27: Decidir | Y27: Modificar | Z27: Mejorar | AA27: Ajustar | AB27: Manejar | AC27: Elegir | AD27: Clasificar | AE27: Convocar | AF27: Revelar | AG27: Verificar | AL27: Repetir | AM27: Traducir | AN27: Seleccionar | AO27: Ordenar | AP27: Experimentar | AR27: Cambiar | AS27: Arreglar | AT27: Modificar | AU27: Llevar | AV27: Ocupar | AW27: Escoger | AX27: Clasificar | AY27: Relatar | AZ27: Soportar | BB27: Repetir | BC27: Exponer | BD27: Demostrar | BE27: Enseñar | BF27: Comportarse bajo condiciones | BG27: Cuidar
L28: Observar | M28: Interpretar | N28: Interpretar | O28: Listar | P28: Establecer | Q28: Deducir | S28: Observar | T28: Interpretar | U28: Interpretar | V28: Listar | W28: Establecer | X28: Deducir | Y28: Transformar | Z28: Manipular | AA28: Mover | AB28: Seguir | AC28: Escoger | AD28: Contar | AE28: Unir | AF28: Exteriorizar | AG28: Constatar | AN28: Simular | AO28: Preguntar | AP28: Explicar | AR28: Modificar | AS28: Mejorar | AT28: Ajustar | AU28: Manejar | AV28: Elegir | AW28: Clasificar | AX28: Convocar | AY28: Revelar | AZ28: Verificar | BC28: Expresar | BD28: Desarrollar | BE28: Entrevistar | BF28: Comprender | BG28: Cumplir
L29: Obtener | M29: Inventariar | N29: Investigar | O29: Medir | P29: Estudiar | Q29: Defender | S29: Obtener | T29: Inventariar | U29: Investigar | V29: Medir | W29: Estudiar | X29: Defender | Y29: Comprobar | Z29: Maniobrar | AA29: Maniobrar | AB29: Trasladar | AC29: Seleccionar | AD29: Informar | AE29: Ensamblar | AF29: Desplegar | AG29: Controlar | AN29: Transferir | AO29: Priorizar | AP29: Extender | AR29: Transformar | AS29: Manipular | AT29: Mover | AU29: Seguir | AV29: Escoger | AW29: Contar | AX29: Unir | AY29: Exteriorizar | AZ29: Constatar | BC29: Extraer | BD29: Descomponer | BE29: Esquematizar | BF29: Conducir | BG29: Defender
L30: Ordenar | M30: Localizar | N30: Listar | O30: Planear | P30: Figurar | Q30: Defender | S30: Ordenar | T30: Localizar | U30: Listar | V30: Planear | W30: Figurar | X30: Defender | Y30: Verificar | Z30: Identificar | AA30: Gestionar | AB30: Implementar | AC30: Escuchar | AD30: Indicar | AE30: Participar | AN30: Unir | AO30: Probar | AP30: Formular | AR30: Comprobar | AS30: Maniobrar | AT30: Maniobrar | AU30: Trasladar | AV30: Seleccionar | AW30: Informar | AX30: Ensamblar | AY30: Desplegar | AZ30: Controlar | BC30: Generalizar | BD30: Detectar | BE30: Estimar | BF30: Conectar | BG30: Determinar
L31: Organizar | M31: Narrar | N31: Manipular | O31: Preguntar | P31: Formular | Q31: Determinar | S31: Organizar | T31: Narrar | U31: Manipular | V31: Preguntar | W31: Formular | X31: Determinar | Y31: Controlar | Z31: Inspeccionar | AA31: Negociar | AB31: Esculpir | AC31: Anotar | AD31: Distinguir | AE31: Aunar | AN31: Usar | AO31: Razonar | AP31: Hipotetizar | AR31: Verificar | AS31: Identificar | AT31: Gestionar | AU31: Implementar | AV31: Escuchar | AW31: Indicar | AX31: Participar | BC31: Hacer | BD31: Determinar | BE31: Estructurar | BF31: Considerar | BG31: Discernir
L32: Preguntar | M32: Parafrasear | N32: Modelar | O32: Probar | P32: Generar | Q32: Discutir | S32: Preguntar | T32: Parafrasear | U32: Modelar | V32: Probar | W32: Generar | X32: Discutir | Y32: Contrastar | Z32: Revisar | AA32: Emitir | AB32: Entallar | AC32: Observar | AD32: Relatar | AE32: Proporcionar | AO32: Reorganizar | AP32: Influir | AR32: Controlar | AS32: Inspeccionar | AT32: Negociar | AU32: Esculpir | AV32: Anotar | AW32: Distinguir | AX32: Aunar | BC32: Identificar | BD32: Diagramar | BE32: Evaluar | BF32: Constatar | BG32: Discriminar
L33: Presentar | M33: Presentar | N33: Operar | O33: Reconocer | P33: Gestionar | Q33: Elegir | S33: Presentar | T33: Presentar | U33: Operar | V33: Reconocer | W33: Gestionar | X33: Elegir | Y33: Contar | Z33: Registrar | AA33: Abrir | AB33: Servir | AC33: Cumplir | AD33: Conocer | AE33: Estimular | AO33: Resaltar | AP33: Innovar | AR33: Contrastar | AS33: Revisar | AT33: Emitir | AU33: Entallar | AV33: Observar | AW33: Relatar | AX33: Proporcionar | BC33: Ilustrar | BD33: Dibujar | BE33: Experimentar | BF33: Contextualizar | BG33: Distinguir
L34: Probar | M34: Relatar | N34: Organizar | O34: Relacionar | P34: Hacer | Q34: Ensamblar | S34: Probar | T34: Relatar | U34: Organizar | V34: Relacionar | W34: Hacer | X34: Ensamblar | Y34: Limpiar | Z34: Reconocer | AA34: Destapar | AB34: Coser | AC34: Examinar | AE34: Contribuir | AO34: Separar | AP34: Justificar | AR34: Contar | AS34: Registrar | AT34: Abrir | AU34: Servir | AV34: Cumplir | AW34: Conocer | AX34: Estimular | BC34: Indicar | BD34: Diferenciar | BE34: Hacer uso | BF34: Contribuir | BG34: Ejercer
L35: Realizar | M35: Reportar | N35: Patronar | O35: Separar | P35: Inferir | Q35: Escoger | S35: Realizar | T35: Reportar | U35: Patronar | V35: Separar | W35: Inferir | X35: Escoger | Y35: Filtrar | Z35: Instalar | AA35: Comenzar | AB35: Soldar | AC35: Usar | AE35: Provocar | AO35: Simplificar | AP35: Juzgar | AR35: Limpiar | AS35: Reconocer | AT35: Destapar | AU35: Coser | AV35: Examinar | AX35: Contribuir | BC35: Inferir | BD35: Discernir | BE35: Identificar | BF35: Controlar | BG35: Elegir
L36: Reconocer | M36: Resumir | N36: Practicar | O36: Subdividir | P36: Instalar | Q36: Establecer | S36: Reconocer | T36: Resumir | U36: Practicar | V36: Subdividir | W36: Instalar | X36: Establecer | Y36: Escoger | Z36: Poner | AA36: Operar | AB36: Clasificar | AC36: Decir | AE36: Compartir | AP36: Medir | AR36: Filtrar | AS36: Instalar | AT36: Comenzar | AU36: Soldar | AV36: Usar | AX36: Provocar | BC36: Informar | BD36: Discriminar | BE36: Ilustrar | BF36: Convocar | BG36: Escoger
L37: Recordar | M37: Revisar | N37: Recoger | P37: Interpretar | Q37: Estimar | S37: Recordar | T37: Revisar | U37: Recoger | W37: Interpretar | X37: Estimar | Y37: Recoger | Z37: Colocar | AA37: Dirigir | AB37: Ordenar | AC37: Apreciar | AE37: Apoyar | AP37: Opinar | AR37: Escoger | AS37: Poner | AT37: Operar | AU37: Clasificar | AV37: Decir | AX37: Compartir | BC37: Interpretar | BD37: Diseñar | BE37: Indicar | BF37: Cooperar | BG37: Estimar
L38: Registrar | M38: Seleccionar | N38: Relacionar | P38: Introducir | Q38: Evaluar | S38: Registrar | T38: Seleccionar | U38: Relacionar | W38: Introducir | X38: Evaluar | Y38: Recaudar | Z38: Inventariar | AA38: Impulsar | AB38: Arreglar | AC38: Distinguir | AE38: Soportar | AP38: Originar | AR38: Recoger | AS38: Colocar | AT38: Dirigir | AU38: Ordenar | AV38: Apreciar | AX38: Apoyar | BC38: Inventariar | BD38: Distinguir | BE38: Interpretar | BF38: Creer | BG38: Estimular
L39: Relacionar | M39: Separar | N39: Reportar | P39: Inventar | Q39: Evaluar | S39: Relacionar | T39: Separar | U39: Reportar | W39: Inventar | X39: Evaluar | Y39: Juntar | Z39: Aislar | AA39: Organizar | AB39: Extender | AC39: Detectar | AP39: Percibir | AR39: Recaudar | AS39: Inventariar | AT39: Impulsar | AU39: Arreglar | AV39: Distinguir | AX39: Soportar | BC39: Localizar | BD39: Dividir | BE39: Investigar | BF39: Cuestionar | BG39: Exteriorizar
L40: Relatar | M40: Traducir | N40: Resolver | P40: Juntar | Q40: Finalizar | S40: Relatar | T40: Traducir | U40: Resolver | W40: Juntar | X40: Finalizar | Y40: Comparar | Z40: Ampliar | AA40: Ordenar | AB40: Ensanchar | AC40: Clasificar | AP40: Persuadir | AR40: Juntar | AS40: Aislar | AT40: Organizar | AU40: Extender | AV40: Detectar | BC40: Mostrar | BD40: Dramatizar | BE40: Listar | BF40: Cuidar | BG40: Extraer
L41: Reproducir | M41: Transformar | N41: Transferir | P41: Manipular | Q41: Formar | S41: Reproducir | T41: Transformar | U41: Transferir | W41: Manipular | X41: Formar | Y41: Cotejar | AA41: Revisar | AB41: Preguntar | AP41: Premiar | AR41: Comparar | AS41: Ampliar | AT41: Ordenar | AU41: Ensanchar | AV41: Clasificar | BC41: Narrar | BD41: Duplicar | BE41: Manipular | BF41: Cumplir | BG41: Formular
L42: Revisar | M42: Ubicar | N42: Usar | P42: Mejorar | Q42: Justificar | S42: Revisar | T42: Ubicar | U42: Usar | W42: Mejorar | X42: Justificar | Y42: Conducir | AA42: Repasar | AB42: Mover | AP42: Probar | AR42: Cotejar | AT42: Revisar | AU42: Preguntar | BC42: Observar | BD42: Elegir | BE42: Modelar | BF42: Defender | BG42: Identificar
L43: Rotular | N43: Valorar | P43: Modificar | Q43: Juzgar | S43: Rotular | U43: Valorar | W43: Modificar | X43: Juzgar | Y43: Direccionar | AA43: Empaquetar | AB43: Balancear | AP43: Recomendar | AR43: Conducir | AT43: Repasar | AU43: Mover | BC43: Predecir | BD43: Emparejar | BE43: Operar | BF43: Definir | BG43: Juzgar
L44: Seleccionar | P44: Numerar | Q44: Marcar | S44: Seleccionar | W44: Numerar | X44: Marcar | Y44: Inspeccionar | AA44: Envasar | AB44: Reconocer | AP44: Seleccionar | AR44: Direccionar | AT44: Empaquetar | AU44: Balancear | BC44: Preguntar | BD44: Emplear | BE44: Organizar | BF44: Desplegar | BG44: Negociar
L45: Subrayar | P45: Obtener | Q45: Marcar | S45: Subrayar | W45: Obtener | X45: Marcar | Y45: Coordinar | AA45: Pintar | AB45: Inspeccionar | AP45: Testar | AR45: Inspeccionar | AT45: Envasar | AU45: Reconocer | BC45: Presentar | BD45: Encontrar | BE45: Patronar | BF45: Determinar | BG45: Ofrecer
P46: Ordenar | Q46: Medir | W46: Ordenar | X46: Medir | Y46: Cortar | AA46: Realizar | AB46: Diseñar | AP46: Valorar | AR46: Coordinar | AT46: Pintar | AU46: Inspeccionar | BC46: Relacionar | BD46: Encuestar | BE46: Planear | BF46: Discernir | BG46: Participar
P47: Organizar | Q47: Modificar | W47: Organizar | X47: Modificar | Y47: Recortar | AA47: Hacer | AB47: Sincronizar | AR47: Cortar | AT47: Realizar | AU47: Diseñar | BC47: Relatar | BD47: Esquematizar | BE47: Practicar | BF47: Discriminar | BG47: Percibir
P48: Organizar | Q48: Numerar | W48: Organizar | X48: Numerar | Y48: Bailar | AA48: Ejecutar | AB48: Verificar | AR48: Recortar | AT48: Hacer | AU48: Sincronizar | BC48: Reportar | BD48: Establecer | BE48: Recoger | BF48: Distinguir | BG48: Preguntar
P49: Perfeccionar | Q49: Peritar | W49: Perfeccionar | X49: Peritar | Y49: Demostrar | AA49: Cumplir | AB49: Validar | AR49: Bailar | AT49: Ejecutar | AU49: Verificar | BC49: Resumir | BD49: Estimar | BE49: Relacionar | BF49: Ejercer | BG49: Promover
P50: Planear | Q50: Predecir | W50: Planear | X50: Predecir | Y50: Detectar | AA50: Actuar | AB50: Revisar | AR50: Demostrar | AT50: Cumplir | AU50: Validar | BC50: Revisar | BD50: Estructurar | BE50: Reportar | BF50: Elegir | BG50: Proponer
P51: Planificar | Q51: Pronosticar | W51: Planificar | X51: Pronosticar | Y51: Señalar | AA51: Ejercer | AB51: Probar | AR51: Detectar | AT51: Actuar | AU51: Revisar | BC51: Seleccionar | BD51: Evaluar | BE51: Resolver | BF51: Ensamblar | BG51: Proporcionar
P52: Poner | Q52: Recomendar | W52: Poner | X52: Recomendar | Y52: Probar | AA52: Interpretar | AB52: Difundir | AR52: Señalar | AT52: Ejercer | AU52: Probar | BC52: Separar | BD52: Examinar | BE52: Resumir | BF52: Entregar | BG52: Provocar
P53: Predecir | Q53: Repartir | W53: Predecir | X53: Repartir | AA53: Tocar | AB53: Transmitir | AR53: Probar | AT53: Interpretar | AU53: Difundir | BC53: Traducir | BD53: Experimentar | BE53: Seleccionar | BF53: Escoger | BG53: Reconocer
P54: Preparar | Q54: Resolver | W54: Preparar | X54: Resolver | AA54: Representar | AB54: Resolver | AT54: Tocar | AU54: Transmitir | BC54: Transformar | BD54: Ilustrar | BE54: Simular | BF54: Estimar | BG54: Relacionar
P55: Producir | Q55: Reunir | W55: Producir | X55: Reunir | AA55: Practicar | AB55: Tapizar | AT55: Representar | AU55: Resolver | BC55: Ubicar | BD55: Indicar | BE55: Transferir | BF55: Estimular | BG55: Resumir
P56: Proponer | Q56: Revisar | W56: Proponer | X56: Revisar | AA56: Entrenar | AB56: Usar | AT56: Practicar | AU56: Tapizar | BD56: Inferir | BE56: Unir | BF56: Exteriorizar | BG56: Seleccionar
P57: Proyectar | Q57: Seleccionar | W57: Proyectar | X57: Seleccionar | AA57: Grabar | AB57: Emplear | AT57: Entrenar | AU57: Usar | BD57: Inspeccionar | BE57: Usar | BF57: Extraer | BG57: Ser partidario de
P58: Resolver | Q58: Sistematizar | W58: Resolver | X58: Sistematizar | AA58: Sacar | AB58: Utilizar | AT58: Grabar | AU58: Emplear | BD58: Interpretar | BF58: Fomentar | BG58: Unir
P59: Reunir | Q59: Sugerir | W59: Reunir | X59: Sugerir | AA59: Imprimir | AB59: Ponderar | AT59: Sacar | AU59: Utilizar | BD59: Inventariar | BF59: Formular | BG59: Valorar
P60: Señalar | Q60: Tasar | W60: Señalar | X60: Tasar | AA60: Estampar | AB60: Mecanizar | AT60: Imprimir | AU60: Ponderar | BD60: Investigar | BF60: Identificar
P61: Simplificar | Q61: Terminar | W61: Simplificar | X61: Terminar | AA61: Extraer | AB61: Industrializar | AT61: Estampar | AU61: Mecanizar | BD61: Listar | BF61: Juzgar
P62: Subdividir | Q62: Unir | W62: Subdividir | X62: Unir | AA62: Producir | AB62: Codificar | AT62: Extraer | AU62: Industrializar | BD62: Manipular | BF62: Negociar
P63: Suponer | Q63: Validar | W63: Suponer | X63: Validar | AA63: Fabricar | AT63: Producir | AU63: Codificar | BD63: Medir | BF63: Ofrecer
Q64: Valorar | X64: Valorar | AA64: Presentar | AT64: Fabricar | BD64: Modelar | BF64: Participar
Q65: Verificar | X65: Verificar | AA65: Cortar | AT65: Presentar | BD65: Motivar | BF65: Percibir
Q66: Vincular | X66: Vincular | AA66: Reducir | AT66: Cortar | BD66: Observar | BF66: Preguntar
AA67: Mitigar | AT67: Reducir | BD67: Operar | BF67: Preocuparse de o por
AA68: Emitir | AT68: Mitigar | BD68: Ordenar | BF68: Promover
AT69: Emitir | BD69: Organizar | BF69: Proponer
BD70: Patronar | BF70: Proporcionar
BD71: Planear | BF71: Proteger
BD72: Practicar | BF72: Provocar
BD73: Preguntar | BF73: Ratificar
BD74: Priorizar | BF74: Reconocer
BD75: Probar | BF75: Relacionar
BD76: Razonar | BF76: Relatar
BD77: Recoger | BF77: Resumir
BD78: Reconocer | BF78: Revelar
BD79: Relacionar | BF79: Seleccionar
BD80: Reorganizar | BF80: Ser partidario de
BD81: Reportar | BF81: Servir
... BD87: Transferir | BF87: Verificar
BD88: Usar
